Workbook
Name BT: Sheet1!$AI$1315

Sheet Sheet1
A1: Date | B1: FIBCF_Nifty_100 | C1: Franklin_Nifty_50_TRI | D1: FIFCF Nifty 500 TRI | E1: FIOF Nifty 500 TRI | F1: FIT Nifty 500 TRI | G1: Franklin Nifty LargeMidCap 250 TRI Adj Values | H1: Franklin_Nifty Midcap 150 TRI_Adj | I1: Franklin_Nifty Smallcap 250 TRI_Adj | J1: Franklin SP BSE 500 TRI | K1: FITF BSE Teck | L1: TIEIF Nifty 500 Adj | M1: TIVF Nifty 500 Adj | N1: FUSOF Russell 3000 | O1: FUSOF SP 500 TRI | P1: Franklin_BSE_India_Infrastructure | Q1: FIDAAF CRISIL Hybrid3565-Aggressive Index | R1: FIEHF CRISIL Hybrid 35 65 - Aggressive Index | S1: FIMAS CRISIL Hybrid3565-Aggressive Index | T1: Franklin_Nifty_Equity_Savings_Index | U1: FIONF_NIFTY 1D Rate Index | V1: FILF NIFTY Liquid Index A-I | W1: FISF NIFTY Money Market Index A-I | X1: FICDF NIFTY Corporate Bond Index A-II | Y1: FIFRF_NIFTY Short Duration Debt Index A-II | Z1: Franklin Nifty Banking and PSU Debt Index A-II | AA1: FIPEP Custom | AB1: FIBAF_NIFTY 50 Hybrid Composite Debt 50 50 Index | AC1: Franklin_CRISIL Long Duration Debt A-III Index | AD1: Franklin_CRISIL Medium to Long Duration Debt A-III Index | AE1: Franklin_NIFTY Low Duration Debt Index A-I | AF1: Franklin_NIFTY Ultra Short Duration Debt Index A-I | AG1: FIIOF Nifty Medium Duration Custom Index | AH1: FIONF_CRISIL Overnight Index | AI1: Franklin NIFTY Money Market Index | AJ1: Franklin NIFTY Ultra Short Duration Debt Index_Adj values | AK1: Franklin_CRISIL_Hybrid_8515_Conservative_Index | AL1: Franklin_CRISIL_10_Year_Gilt_Index | AM1: Franklin_NIFTY All Duration G-Sec Index Adj | AN1: Franklin_CRISIL_1_Year_T-Bill_Index | AO1: Franklin_GOLD_INR_Ounce | AP1: Franklin_FIBCF_Adj_NAV | AQ1: Franklin_TIGF-Div(Adj NAV) | AR1: FITF Adj NAV | AS1: Franklin_FIPAF | AT1: FAEF MSCI Asia Ex-Japan Nifty 500 | AU1: FISF NIFTY Money Market Index A-I | AV1: FILF CRISIL Liquid Fund AI Index | AW1: FIDAAF Adj CRISIL Hybrid 5050 Moderate Index | AX1: Franklin_FIMAAF | AZ1: CRISIL 10 Year Gilt Index | BA1: CRISIL Hybrid 35+65 - Aggressive Index | BB1: CRISIL Hybrid 85+15 - Conservative Index | BC1: I-Sec Li- BEX | BD1: NIFTY Banking & PSU Debt Index | BE1: NIFTY Corporate Bond Index | BF1: NIFTY Credit Risk Bond Index | BG1: NIFTY Equity Savings Index | BH1: NIFTY Low Duration Debt Index | BI1: NIFTY Medium Duration Debt Index | BJ1: NIFTY Medium to Long Duration Debt Index | BK1: NIFTY Money Market Index A-I | BL1: NIFTY Ultra Short Duration Debt Index | BM1: CRISIL 1 Year T-Bill Index | BN1: CRISIL Overnight Index | BO1: NIFTY All Duration G-Sec Index | BP1: CRISIL Low Duration Debt Index | BS1: NIFTY 1D Rate Index | BT1: NIFTY Liquid Index A-I | BU1: NIFTY Money Market Index A-I | BV1: NIFTY Corporate Bond Index A-II | BW1: NIFTY Short Duration Debt Index A-II | BX1: NIFTY Banking & PSU Debt Index A-II | BY1: CRISIL Short Term Debt Hybrid 60+40 Index | BZ1: NIFTY 50 Hybrid Composite Debt 50:50 Index | CA1: CRISIL Long Duration Debt A-III Index | CB1: CRISIL Medium to Long Duration Debt A-III Index | CC1: NIFTY Low Duration Debt Index A-I | CD1: NIFTY Ultra Short Duration Debt Index A-I
A2: 44287 | B2: 19535.92 | C2: 21137.69 | D2: 18968.55 | E2: 18968.55 | F2: 18968.55 | G2: 9994.66 | H2: 11225.99 | I2: 8697.4 | J2: 24128.536 | K2: 14935.955 | N2: 970316.4 | O2: =VLOOKUP(A2,'[1]FUSOF AD'!$A:$D,4,0) | Q2: =VLOOKUP(BA$1&$A2,Sheet2!$A:$D,4,0) | R2: =VLOOKUP(BA$1&$A2,Sheet2!$A:$D,4,0) | S2: =VLOOKUP(BA$1&$A2,Sheet2!$A:$D,4,0) | T2: =VLOOKUP(BG$1&$A2,Sheet2!$A:$D,4,0) | AG2: =VLOOKUP(BI$1&$A2,Sheet2!$A:$D,4,0) | AH2: =VLOOKUP(BN$1&$A2,Sheet2!$A:$D,4,0) | AI2: =VLOOKUP(BK$1&$A2,Sheet2!$A:$D,4,0) | AJ2: =VLOOKUP(BL$1&$A2,Sheet2!$A:$D,4,0) | AK2: =VLOOKUP(BB$1&$A2,Sheet2!$A:$D,4,0) | AL2: =VLOOKUP(AZ$1&$A2,Sheet2!$A:$D,4,0) | AN2: =VLOOKUP(BM$1&$A2,Sheet2!$A:$D,4,0) | AO2: 126862.13 | AP2: 1450.3243 | AQ2: 356.53094 | AR2: 562.70236
A3: 44291 | B3: 19252.94 | C3: 20811.61 | D3: 18694.76 | E3: 18694.76 | F3: 18694.76 | G3: 9854.26 | H3: 11073.12 | I3: 8559.56 | J3: 23780.797 | K3: 15184.883 | N3: 984671.08 | O3: =VLOOKUP(A3,'[1]FUSOF AD'!$A:$D,4,0) | Q3: =VLOOKUP(BA$1&$A3,Sheet2!$A:$D,4,0) | R3: =VLOOKUP(BA$1&$A3,Sheet2!$A:$D,4,0) | S3: =VLOOKUP(BA$1&$A3,Sheet2!$A:$D,4,0) | T3: =VLOOKUP(BG$1&$A3,Sheet2!$A:$D,4,0) | AG3: =VLOOKUP(BI$1&$A3,Sheet2!$A:$D,4,0) | AH3: =VLOOKUP(BN$1&$A3,Sheet2!$A:$D,4,0) | AI3: =VLOOKUP(BK$1&$A3,Sheet2!$A:$D,4,0) | AJ3: =VLOOKUP(BL$1&$A3,Sheet2!$A:$D,4,0) | AK3: =VLOOKUP(BB$1&$A3,Sheet2!$A:$D,4,0) | AL3: =VLOOKUP(AZ$1&$A3,Sheet2!$A:$D,4,0) | AN3: =VLOOKUP(BM$1&$A3,Sheet2!$A:$D,4,0) | AO3: 126684.27 | AP3: 1420.9388 | AQ3: 350.33998 | AR3: 571.16491
A4: 44292 | B4: 19331.85 | C4: 20876.57 | D4: 18785.23 | E4: 18785.23 | F4: 18785.23 | G4: 9905.93 | H4: 11143.71 | I4: 8651.91 | J4: 23893.374 | K4: 15218.486 | N4: 986097.28 | O4: =VLOOKUP(A4,'[1]FUSOF AD'!$A:$D,4,0) | Q4: =VLOOKUP(BA$1&$A4,Sheet2!$A:$D,4,0) | R4: =VLOOKUP(BA$1&$A4,Sheet2!$A:$D,4,0) | S4: =VLOOKUP(BA$1&$A4,Sheet2!$A:$D,4,0) | T4: =VLOOKUP(BG$1&$A4,Sheet2!$A:$D,4,0) | AG4: =VLOOKUP(BI$1&$A4,Sheet2!$A:$D,4,0) | AH4: =VLOOKUP(BN$1&$A4,Sheet2!$A:$D,4,0) | AI4: =VLOOKUP(BK$1&$A4,Sheet2!$A:$D,4,0) | AJ4: =VLOOKUP(BL$1&$A4,Sheet2!$A:$D,4,0) | AK4: =VLOOKUP(BB$1&$A4,Sheet2!$A:$D,4,0) | AL4: =VLOOKUP(AZ$1&$A4,Sheet2!$A:$D,4,0) | AN4: =VLOOKUP(BM$1&$A4,Sheet2!$A:$D,4,0) | AO4: 128127.98 | AP4: 1420.9477 | AQ4: 349.91484 | AR4: 573.25259
A5: 44293 | B5: 19511.28 | C5: 21069.32 | D5: 18972.6 | E5: 18972.6 | F5: 18972.6 | G5: 10012.04 | H5: 11278.77 | I5: 8772.24 | J5: 24131.865 | K5: 15383.584 | N5: 1002584.6 | O5: =VLOOKUP(A5,'[1]FUSOF AD'!$A:$D,4,0) | Q5: =VLOOKUP(BA$1&$A5,Sheet2!$A:$D,4,0) | R5: =VLOOKUP(BA$1&$A5,Sheet2!$A:$D,4,0) | S5: =VLOOKUP(BA$1&$A5,Sheet2!$A:$D,4,0) | T5: =VLOOKUP(BG$1&$A5,Sheet2!$A:$D,4,0) | AG5: =VLOOKUP(BI$1&$A5,Sheet2!$A:$D,4,0) | AH5: =VLOOKUP(BN$1&$A5,Sheet2!$A:$D,4,0) | AI5: =VLOOKUP(BK$1&$A5,Sheet2!$A:$D,4,0) | AJ5: =VLOOKUP(BL$1&$A5,Sheet2!$A:$D,4,0) | AK5: =VLOOKUP(BB$1&$A5,Sheet2!$A:$D,4,0) | AL5: =VLOOKUP(AZ$1&$A5,Sheet2!$A:$D,4,0) | AN5: =VLOOKUP(BM$1&$A5,Sheet2!$A:$D,4,0) | AO5: 129170.24 | AP5: 1437.6979 | AQ5: 353.98453 | AR5: 580.24474
A6: 44294 | B6: 19594.26 | C6: 21149.59 | D6: 19065.82 | E6: 19065.82 | F6: 19065.82 | G6: 10063.49 | H6: 11346.52 | I6: 8865.73 | J6: 24251.144 | K6: 15527.156 | N6: 1013988.2 | O6: =VLOOKUP(A6,'[1]FUSOF AD'!$A:$D,4,0) | Q6: =VLOOKUP(BA$1&$A6,Sheet2!$A:$D,4,0) | R6: =VLOOKUP(BA$1&$A6,Sheet2!$A:$D,4,0) | S6: =VLOOKUP(BA$1&$A6,Sheet2!$A:$D,4,0) | T6: =VLOOKUP(BG$1&$A6,Sheet2!$A:$D,4,0) | AG6: =VLOOKUP(BI$1&$A6,Sheet2!$A:$D,4,0) | AH6: =VLOOKUP(BN$1&$A6,Sheet2!$A:$D,4,0) | AI6: =VLOOKUP(BK$1&$A6,Sheet2!$A:$D,4,0) | AJ6: =VLOOKUP(BL$1&$A6,Sheet2!$A:$D,4,0) | AK6: =VLOOKUP(BB$1&$A6,Sheet2!$A:$D,4,0) | AL6: =VLOOKUP(AZ$1&$A6,Sheet2!$A:$D,4,0) | AN6: =VLOOKUP(BM$1&$A6,Sheet2!$A:$D,4,0) | AO6: 130943.95 | AP6: 1442.1492 | AQ6: 354.40245 | AR6: 586.22675
A7: 44295 | B7: 19552.55 | C7: 21094.17 | D7: 19044.22 | E7: 19044.22 | F7: 19044.22 | G7: 10060.49 | H7: 11363.52 | I7: 8913.35 | J7: 24225.033 | K7: 15592.764 | N7: 1024409 | O7: =VLOOKUP(A7,'[1]FUSOF AD'!$A:$D,4,0) | Q7: =VLOOKUP(BA$1&$A7,Sheet2!$A:$D,4,0) | R7: =VLOOKUP(BA$1&$A7,Sheet2!$A:$D,4,0) | S7: =VLOOKUP(BA$1&$A7,Sheet2!$A:$D,4,0) | T7: =VLOOKUP(BG$1&$A7,Sheet2!$A:$D,4,0) | AG7: =VLOOKUP(BI$1&$A7,Sheet2!$A:$D,4,0) | AH7: =VLOOKUP(BN$1&$A7,Sheet2!$A:$D,4,0) | AI7: =VLOOKUP(BK$1&$A7,Sheet2!$A:$D,4,0) | AJ7: =VLOOKUP(BL$1&$A7,Sheet2!$A:$D,4,0) | AK7: =VLOOKUP(BB$1&$A7,Sheet2!$A:$D,4,0) | AL7: =VLOOKUP(AZ$1&$A7,Sheet2!$A:$D,4,0) | AN7: =VLOOKUP(BM$1&$A7,Sheet2!$A:$D,4,0) | AO7: 130247.92 | AP7: 1435.2557 | AQ7: 352.95308 | AR7: 587.97959
A8: 44298 | B8: 18830.49 | C8: 20348.99 | D8: 18279.05 | E8: 18279.05 | F8: 18279.05 | G8: 9613.4 | H8: 10775.19 | I8: 8432.69 | J8: 23248.266 | K8: 15198.232 | N8: 1028107 | O8: =VLOOKUP(A8,'[1]FUSOF AD'!$A:$D,4,0) | Q8: =VLOOKUP(BA$1&$A8,Sheet2!$A:$D,4,0) | R8: =VLOOKUP(BA$1&$A8,Sheet2!$A:$D,4,0) | S8: =VLOOKUP(BA$1&$A8,Sheet2!$A:$D,4,0) | T8: =VLOOKUP(BG$1&$A8,Sheet2!$A:$D,4,0) | AG8: =VLOOKUP(BI$1&$A8,Sheet2!$A:$D,4,0) | AH8: =VLOOKUP(BN$1&$A8,Sheet2!$A:$D,4,0) | AI8: =VLOOKUP(BK$1&$A8,Sheet2!$A:$D,4,0) | AJ8: =VLOOKUP(BL$1&$A8,Sheet2!$A:$D,4,0) | AK8: =VLOOKUP(BB$1&$A8,Sheet2!$A:$D,4,0) | AL8: =VLOOKUP(AZ$1&$A8,Sheet2!$A:$D,4,0) | AN8: =VLOOKUP(BM$1&$A8,Sheet2!$A:$D,4,0) | AO8: 129903.88 | AP8: 1379.8475 | AQ8: 335.95072 | AR8: 577.64999
A9: 44299 | B9: 19077.2 | C9: 20624.86 | D9: 18526.24 | E9: 18526.24 | F9: 18526.24 | G9: 9744.99 | H9: 10928.91 | I9: 8574.17 | J9: 23567.782 | K9: 14885.971 | N9: 1043027.1 | O9: =VLOOKUP(A9,'[1]FUSOF AD'!$A:$D,4,0) | Q9: =VLOOKUP(BA$1&$A9,Sheet2!$A:$D,4,0) | R9: =VLOOKUP(BA$1&$A9,Sheet2!$A:$D,4,0) | S9: =VLOOKUP(BA$1&$A9,Sheet2!$A:$D,4,0) | T9: =VLOOKUP(BG$1&$A9,Sheet2!$A:$D,4,0) | AG9: =VLOOKUP(BI$1&$A9,Sheet2!$A:$D,4,0) | AH9: =VLOOKUP(BN$1&$A9,Sheet2!$A:$D,4,0) | AI9: =VLOOKUP(BK$1&$A9,Sheet2!$A:$D,4,0) | AJ9: =VLOOKUP(BL$1&$A9,Sheet2!$A:$D,4,0) | AK9: =VLOOKUP(BB$1&$A9,Sheet2!$A:$D,4,0) | AL9: =VLOOKUP(AZ$1&$A9,Sheet2!$A:$D,4,0) | AN9: =VLOOKUP(BM$1&$A9,Sheet2!$A:$D,4,0) | AO9: 131240.63 | AP9: 1405.5046 | AQ9: 344.48191 | AR9: 572.08363
A10: 44301 | B10: 19181.27 | C10: 20733.88 | D10: 18603.68 | E10: 18603.68 | F10: 18603.68 | G10: 9773.07 | H10: 10932.56 | I10: 8547.05 | J10: 23665.857 | K10: 14906.544 | N10: 1043380.7 | O10: =VLOOKUP(A10,'[1]FUSOF AD'!$A:$D,4,0) | Q10: =VLOOKUP(BA$1&$A10,Sheet2!$A:$D,4,0) | R10: =VLOOKUP(BA$1&$A10,Sheet2!$A:$D,4,0) | S10: =VLOOKUP(BA$1&$A10,Sheet2!$A:$D,4,0) | T10: =VLOOKUP(BG$1&$A10,Sheet2!$A:$D,4,0) | AG10: =VLOOKUP(BI$1&$A10,Sheet2!$A:$D,4,0) | AH10: =VLOOKUP(BN$1&$A10,Sheet2!$A:$D,4,0) | AI10: =VLOOKUP(BK$1&$A10,Sheet2!$A:$D,4,0) | AJ10: =VLOOKUP(BL$1&$A10,Sheet2!$A:$D,4,0) | AK10: =VLOOKUP(BB$1&$A10,Sheet2!$A:$D,4,0) | AL10: =VLOOKUP(AZ$1&$A10,Sheet2!$A:$D,4,0) | AN10: =VLOOKUP(BM$1&$A10,Sheet2!$A:$D,4,0) | AO10: 131746.93 | AP10: 1411.7306 | AQ10: 344.40466 | AR10: 570.48222
A11: 44302 | B11: 19251.55 | C11: 20785.61 | D11: 18695.58 | E11: 18695.58 | F11: 18695.58 | G11: 9841.51 | H11: 11045.48 | I11: 8619.95 | J11: 23782.913 | K11: 14966.565 | N11: 1036556.4 | O11: =VLOOKUP(A11,'[1]FUSOF AD'!$A:$D,4,0) | Q11: =VLOOKUP(BA$1&$A11,Sheet2!$A:$D,4,0) | R11: =VLOOKUP(BA$1&$A11,Sheet2!$A:$D,4,0) | S11: =VLOOKUP(BA$1&$A11,Sheet2!$A:$D,4,0) | T11: =VLOOKUP(BG$1&$A11,Sheet2!$A:$D,4,0) | AG11: =VLOOKUP(BI$1&$A11,Sheet2!$A:$D,4,0) | AH11: =VLOOKUP(BN$1&$A11,Sheet2!$A:$D,4,0) | AI11: =VLOOKUP(BK$1&$A11,Sheet2!$A:$D,4,0) | AJ11: =VLOOKUP(BL$1&$A11,Sheet2!$A:$D,4,0) | AK11: =VLOOKUP(BB$1&$A11,Sheet2!$A:$D,4,0) | AL11: =VLOOKUP(AZ$1&$A11,Sheet2!$A:$D,4,0) | AN11: =VLOOKUP(BM$1&$A11,Sheet2!$A:$D,4,0) | AO11: 132388.12 | AP11: 1414.9105 | AQ11: 345.96407 | AR11: 570.23578
A12: 44305 | B12: 18912.3 | C12: 20418.16 | D12: 18359.48 | E12: 18359.48 | F12: 18359.48 | G12: 9661.3 | H12: 10835.62 | I12: 8447.12 | J12: 23352.97 | K12: 14889.084 | N12: 1034818.4 | O12: =VLOOKUP(A12,'[1]FUSOF AD'!$A:$D,4,0) | Q12: =VLOOKUP(BA$1&$A12,Sheet2!$A:$D,4,0) | R12: =VLOOKUP(BA$1&$A12,Sheet2!$A:$D,4,0) | S12: =VLOOKUP(BA$1&$A12,Sheet2!$A:$D,4,0) | T12: =VLOOKUP(BG$1&$A12,Sheet2!$A:$D,4,0) | AG12: =VLOOKUP(BI$1&$A12,Sheet2!$A:$D,4,0) | AH12: =VLOOKUP(BN$1&$A12,Sheet2!$A:$D,4,0) | AI12: =VLOOKUP(BK$1&$A12,Sheet2!$A:$D,4,0) | AJ12: =VLOOKUP(BL$1&$A12,Sheet2!$A:$D,4,0) | AK12: =VLOOKUP(BB$1&$A12,Sheet2!$A:$D,4,0) | AL12: =VLOOKUP(AZ$1&$A12,Sheet2!$A:$D,4,0) | AN12: =VLOOKUP(BM$1&$A12,Sheet2!$A:$D,4,0) | AO12: 132432.86 | AP12: 1391.2856 | AQ12: 337.89082 | AR12: 566.71691
A13: 44306 | B13: 18852.31 | C13: 20328.55 | D13: 18327.47 | E13: 18327.47 | F13: 18327.47 | G13: 9656.7 | H13: 10859.67 | I13: 8511.24 | J13: 23308.938 | K13: 14773.84 | N13: 1028404.8 | O13: =VLOOKUP(A13,'[1]FUSOF AD'!$A:$D,4,0) | Q13: =VLOOKUP(BA$1&$A13,Sheet2!$A:$D,4,0) | R13: =VLOOKUP(BA$1&$A13,Sheet2!$A:$D,4,0) | S13: =VLOOKUP(BA$1&$A13,Sheet2!$A:$D,4,0) | T13: =VLOOKUP(BG$1&$A13,Sheet2!$A:$D,4,0) | AG13: =VLOOKUP(BI$1&$A13,Sheet2!$A:$D,4,0) | AH13: =VLOOKUP(BN$1&$A13,Sheet2!$A:$D,4,0) | AI13: =VLOOKUP(BK$1&$A13,Sheet2!$A:$D,4,0) | AJ13: =VLOOKUP(BL$1&$A13,Sheet2!$A:$D,4,0) | AK13: =VLOOKUP(BB$1&$A13,Sheet2!$A:$D,4,0) | AL13: =VLOOKUP(AZ$1&$A13,Sheet2!$A:$D,4,0) | AN13: =VLOOKUP(BM$1&$A13,Sheet2!$A:$D,4,0) | AO13: 133969.35 | AP13: 1391.2695 | AQ13: 336.45978 | AR13: 562.21569
... A19: 44315 | B19: 19592.13 | C19: 21186.3 | D19: 19058.16 | E19: 19058.16 | F19: 19058.16 | G19: 10032.62 | H19: 11279.03 | I19: 8949.4 | J19: 24234.542 | K19: 14784.826 | N19: 1032784.5 | O19: =VLOOKUP(A19,'[1]FUSOF AD'!$A:$D,4,0) | Q19: =VLOOKUP(BA$1&$A19,Sheet2!$A:$D,4,0) | R19: =VLOOKUP(BA$1&$A19,Sheet2!$A:$D,4,0) | S19: =VLOOKUP(BA$1&$A19,Sheet2!$A:$D,4,0) | T19: =VLOOKUP(BG$1&$A19,Sheet2!$A:$D,4,0) | AG19: =VLOOKUP(BI$1&$A19,Sheet2!$A:$D,4,0) | AH19: =VLOOKUP(BN$1&$A19,Sheet2!$A:$D,4,0) | AI19: =VLOOKUP(BK$1&$A19,Sheet2!$A:$D,4,0) | AJ19: =VLOOKUP(BL$1&$A19,Sheet2!$A:$D,4,0) | AK19: =VLOOKUP(BB$1&$A19,Sheet2!$A:$D,4,0) | AL19: =VLOOKUP(AZ$1&$A19,Sheet2!$A:$D,4,0) | AN19: =VLOOKUP(BM$1&$A19,Sheet2!$A:$D,4,0) | AO19: 131231.42 | AP19: 1448.2895 | AQ19: 350.73289 | AR19: 567.71784
A20: 44316 | B20: 19280.11 | C20: 20811.13 | D20: 18802.03 | E20: 18802.03 | F20: 18802.03 | G20: 9931.2 | H20: 11230.3 | I20: 8922.5 | J20: 23919.821 | K20: 14660.482 | N20: 1025864.3 | O20: =VLOOKUP(A20,'[1]FUSOF AD'!$A:$D,4,0) | Q20: =VLOOKUP(BA$1&$A20,Sheet2!$A:$D,4,0) | R20: =VLOOKUP(BA$1&$A20,Sheet2!$A:$D,4,0) | S20: =VLOOKUP(BA$1&$A20,Sheet2!$A:$D,4,0) | T20: =VLOOKUP(BG$1&$A20,Sheet2!$A:$D,4,0) | AG20: =VLOOKUP(BI$1&$A20,Sheet2!$A:$D,4,0) | AH20: =VLOOKUP(BN$1&$A20,Sheet2!$A:$D,4,0) | AI20: =VLOOKUP(BK$1&$A20,Sheet2!$A:$D,4,0) | AJ20: =VLOOKUP(BL$1&$A20,Sheet2!$A:$D,4,0) | AK20: =VLOOKUP(BB$1&$A20,Sheet2!$A:$D,4,0) | AL20: =VLOOKUP(AZ$1&$A20,Sheet2!$A:$D,4,0) | AN20: 6123.8332 | AO20: 130964.09 | AP20: 1439.052 | AQ20: 348.93729 | AR20: 562.02627
A21: 44319 | B21: 19306.98 | C21: 20815.43 | D21: 18848.97 | E21: 18848.97 | F21: 18848.97 | G21: 9958.46 | H21: 11276.05 | I21: 9037.47 | J21: 23975.269 | K21: 14717.072 | N21: 1020496.8 | O21: =VLOOKUP(A21,'[1]FUSOF AD'!$A:$D,4,0) | Q21: =VLOOKUP(BA$1&$A21,Sheet2!$A:$D,4,0) | R21: =VLOOKUP(BA$1&$A21,Sheet2!$A:$D,4,0) | S21: =VLOOKUP(BA$1&$A21,Sheet2!$A:$D,4,0) | T21: =VLOOKUP(BG$1&$A21,Sheet2!$A:$D,4,0) | AG21: =VLOOKUP(BI$1&$A21,Sheet2!$A:$D,4,0) | AH21: =VLOOKUP(BN$1&$A21,Sheet2!$A:$D,4,0) | AI21: =VLOOKUP(BK$1&$A21,Sheet2!$A:$D,4,0) | AJ21: =VLOOKUP(BL$1&$A21,Sheet2!$A:$D,4,0) | AK21: =VLOOKUP(BB$1&$A21,Sheet2!$A:$D,4,0) | AL21: =VLOOKUP(AZ$1&$A21,Sheet2!$A:$D,4,0) | AN21: 6125.0586 | AO21: 132294.2 | AP21: 1442.6583 | AQ21: 348.83892 | AR21: 561.19816
A22: 44320 | B22: 19140.79 | C22: 20619.62 | D22: 18704.85 | E22: 18704.85 | F22: 18704.85 | G22: 9900.64 | H22: 11241.58 | I22: 8979.59 | J22: 23794.647 | K22: 14586.332 | N22: 1003290.2 | O22: =VLOOKUP(A22,'[1]FUSOF AD'!$A:$D,4,0) | Q22: =VLOOKUP(BA$1&$A22,Sheet2!$A:$D,4,0) | R22: =VLOOKUP(BA$1&$A22,Sheet2!$A:$D,4,0) | S22: =VLOOKUP(BA$1&$A22,Sheet2!$A:$D,4,0) | T22: =VLOOKUP(BG$1&$A22,Sheet2!$A:$D,4,0) | AG22: =VLOOKUP(BI$1&$A22,Sheet2!$A:$D,4,0) | AH22: =VLOOKUP(BN$1&$A22,Sheet2!$A:$D,4,0) | AI22: =VLOOKUP(BK$1&$A22,Sheet2!$A:$D,4,0) | AJ22: =VLOOKUP(BL$1&$A22,Sheet2!$A:$D,4,0) | AK22: =VLOOKUP(BB$1&$A22,Sheet2!$A:$D,4,0) | AL22: =VLOOKUP(AZ$1&$A22,Sheet2!$A:$D,4,0) | AN22: 6126.303 | AO22: 131180.92 | AP22: 1434.2435 | AQ22: 347.00664 | AR22: 555.54039
A23: 44321 | B23: 19322.62 | C23: 20792.24 | D23: 18876.03 | E23: 18876.03 | F23: 18876.03 | G23: 9989.35 | H23: 11336.37 | I23: 9038.56 | J23: 24011.97 | K23: 14744.568 | N23: 999864.37 | O23: =VLOOKUP(A23,'[1]FUSOF AD'!$A:$D,4,0) | Q23: =VLOOKUP(BA$1&$A23,Sheet2!$A:$D,4,0) | R23: =VLOOKUP(BA$1&$A23,Sheet2!$A:$D,4,0) | S23: =VLOOKUP(BA$1&$A23,Sheet2!$A:$D,4,0) | T23: =VLOOKUP(BG$1&$A23,Sheet2!$A:$D,4,0) | AG23: =VLOOKUP(BI$1&$A23,Sheet2!$A:$D,4,0) | AH23: =VLOOKUP(BN$1&$A23,Sheet2!$A:$D,4,0) | AI23: =VLOOKUP(BK$1&$A23,Sheet2!$A:$D,4,0) | AJ23: =VLOOKUP(BL$1&$A23,Sheet2!$A:$D,4,0) | AK23: =VLOOKUP(BB$1&$A23,Sheet2!$A:$D,4,0) | AL23: =VLOOKUP(AZ$1&$A23,Sheet2!$A:$D,4,0) | AN23: 6126.1824 | AO23: 131839.57 | AP23: 1457.7511 | AQ23: 350.33442 | AR23: 556.3771
A24: 44322 | B24: 19459.97 | C24: 20944.41 | D24: 19011.17 | E24: 19011.17 | F24: 19011.17 | G24: 10060.21 | H24: 11416.61 | I24: 9107.61 | J24: 24180.363 | K24: 14918.129 | N24: 1001904.2 | O24: =VLOOKUP(A24,'[1]FUSOF AD'!$A:$D,4,0) | Q24: =VLOOKUP(BA$1&$A24,Sheet2!$A:$D,4,0) | R24: =VLOOKUP(BA$1&$A24,Sheet2!$A:$D,4,0) | S24: =VLOOKUP(BA$1&$A24,Sheet2!$A:$D,4,0) | T24: =VLOOKUP(BG$1&$A24,Sheet2!$A:$D,4,0) | AG24: =VLOOKUP(BI$1&$A24,Sheet2!$A:$D,4,0) | AH24: =VLOOKUP(BN$1&$A24,Sheet2!$A:$D,4,0) | AI24: =VLOOKUP(BK$1&$A24,Sheet2!$A:$D,4,0) | AJ24: =VLOOKUP(BL$1&$A24,Sheet2!$A:$D,4,0) | AK24: =VLOOKUP(BB$1&$A24,Sheet2!$A:$D,4,0) | AL24: =VLOOKUP(AZ$1&$A24,Sheet2!$A:$D,4,0) | AN24: 6127.1225 | AO24: 133597.12 | AP24: 1464.3101 | AQ24: 352.83637 | AR24: 559.68855
A25: 44323 | B25: 19581.29 | C25: 21084.26 | D25: 19104.24 | E25: 19104.24 | F25: 19104.24 | G25: 10074.53 | H25: 11379.24 | I25: 9171.65 | J25: 24297.668 | K25: 14935.828 | N25: 1006591.1 | O25: =VLOOKUP(A25,'[1]FUSOF AD'!$A:$D,4,0) | Q25: =VLOOKUP(BA$1&$A25,Sheet2!$A:$D,4,0) | R25: =VLOOKUP(BA$1&$A25,Sheet2!$A:$D,4,0) | S25: =VLOOKUP(BA$1&$A25,Sheet2!$A:$D,4,0) | T25: =VLOOKUP(BG$1&$A25,Sheet2!$A:$D,4,0) | AG25: =VLOOKUP(BI$1&$A25,Sheet2!$A:$D,4,0) | AH25: =VLOOKUP(BN$1&$A25,Sheet2!$A:$D,4,0) | AI25: =VLOOKUP(BK$1&$A25,Sheet2!$A:$D,4,0) | AJ25: =VLOOKUP(BL$1&$A25,Sheet2!$A:$D,4,0) | AK25: =VLOOKUP(BB$1&$A25,Sheet2!$A:$D,4,0) | AL25: =VLOOKUP(AZ$1&$A25,Sheet2!$A:$D,4,0) | AN25: 6127.726 | AO25: 134086.11 | AP25: 1470.2738 | AQ25: 354.52305 | AR25: 559.84117
A26: 44326 | B26: 19744.24 | C26: 21253.8 | D26: 19266.67 | E26: 19266.67 | F26: 19266.67 | G26: 10148.39 | H26: 11451.29 | I26: 9311.32 | J26: 24508.264 | K26: 14935.114 | N26: 982798.46 | O26: =VLOOKUP(A26,'[1]FUSOF AD'!$A:$D,4,0) | Q26: =VLOOKUP(BA$1&$A26,Sheet2!$A:$D,4,0) | R26: =VLOOKUP(BA$1&$A26,Sheet2!$A:$D,4,0) | S26: =VLOOKUP(BA$1&$A26,Sheet2!$A:$D,4,0) | T26: =VLOOKUP(BG$1&$A26,Sheet2!$A:$D,4,0) | AG26: =VLOOKUP(BI$1&$A26,Sheet2!$A:$D,4,0) | AH26: =VLOOKUP(BN$1&$A26,Sheet2!$A:$D,4,0) | AI26: =VLOOKUP(BK$1&$A26,Sheet2!$A:$D,4,0) | AJ26: =VLOOKUP(BL$1&$A26,Sheet2!$A:$D,4,0) | AK26: =VLOOKUP(BB$1&$A26,Sheet2!$A:$D,4,0) | AL26: =VLOOKUP(AZ$1&$A26,Sheet2!$A:$D,4,0) | AN26: 6128.9457 | AO26: 134813.06 | AP26: 1487.334 | AQ26: 359.35077 | AR26: 554.60166
A27: 44327 | B27: 19646.5 | C27: 21123.53 | D27: 19225.1 | E27: 19225.1 | F27: 19225.1 | G27: 10164.36 | H27: 11544.85 | I27: 9388.49 | J27: 24458.394 | K27: 14835.403 | N27: 980319.84 | O27: =VLOOKUP(A27,'[1]FUSOF AD'!$A:$D,4,0) | Q27: =VLOOKUP(BA$1&$A27,Sheet2!$A:$D,4,0) | R27: =VLOOKUP(BA$1&$A27,Sheet2!$A:$D,4,0) | S27: =VLOOKUP(BA$1&$A27,Sheet2!$A:$D,4,0) | T27: =VLOOKUP(BG$1&$A27,Sheet2!$A:$D,4,0) | AG27: =VLOOKUP(BI$1&$A27,Sheet2!$A:$D,4,0) | AH27: =VLOOKUP(BN$1&$A27,Sheet2!$A:$D,4,0) | AI27: =VLOOKUP(BK$1&$A27,Sheet2!$A:$D,4,0) | AJ27: =VLOOKUP(BL$1&$A27,Sheet2!$A:$D,4,0) | AK27: =VLOOKUP(BB$1&$A27,Sheet2!$A:$D,4,0) | AL27: =VLOOKUP(AZ$1&$A27,Sheet2!$A:$D,4,0) | AN27: 6129.5429 | AO27: 134776.28 | AP27: 1492.1922 | AQ27: 362.53795 | AR27: 550.07685
A28: 44328 | B28: 19475.21 | C28: 20904.13 | D28: 19066.54 | E28: 19066.54 | F28: 19066.54 | G28: 10087.63 | H28: 11471.2 | I28: 9323.53 | J28: 24258.461 | K28: 14736.3 | N28: 956233.09 | O28: =VLOOKUP(A28,'[1]FUSOF AD'!$A:$D,4,0) | Q28: =VLOOKUP(BA$1&$A28,Sheet2!$A:$D,4,0) | R28: =VLOOKUP(BA$1&$A28,Sheet2!$A:$D,4,0) | S28: =VLOOKUP(BA$1&$A28,Sheet2!$A:$D,4,0) | T28: =VLOOKUP(BG$1&$A28,Sheet2!$A:$D,4,0) | AG28: =VLOOKUP(BI$1&$A28,Sheet2!$A:$D,4,0) | AH28: =VLOOKUP(BN$1&$A28,Sheet2!$A:$D,4,0) | AI28: =VLOOKUP(BK$1&$A28,Sheet2!$A:$D,4,0) | AJ28: =VLOOKUP(BL$1&$A28,Sheet2!$A:$D,4,0) | AK28: =VLOOKUP(BB$1&$A28,Sheet2!$A:$D,4,0) | AL28: =VLOOKUP(AZ$1&$A28,Sheet2!$A:$D,4,0) | AN28: 6130.2861 | AO28: 133489.3 | AP28: 1481.102 | AQ28: 361.06134 | AR28: 542.58243
A29: 44330 | B29: 19414.21 | C29: 20877.56 | D29: 18966.49 | E29: 18966.49 | F29: 18966.49 | G29: 9998.36 | H29: 11304.37 | I29: 9232.36 | J29: 24129.987 | K29: 14608.993 | N29: 981931.41 | O29: =VLOOKUP(A29,'[1]FUSOF AD'!$A:$D,4,0) | Q29: =VLOOKUP(BA$1&$A29,Sheet2!$A:$D,4,0) | R29: =VLOOKUP(BA$1&$A29,Sheet2!$A:$D,4,0) | S29: =VLOOKUP(BA$1&$A29,Sheet2!$A:$D,4,0) | T29: =VLOOKUP(BG$1&$A29,Sheet2!$A:$D,4,0) | AG29: =VLOOKUP(BI$1&$A29,Sheet2!$A:$D,4,0) | AH29: =VLOOKUP(BN$1&$A29,Sheet2!$A:$D,4,0) | AI29: =VLOOKUP(BK$1&$A29,Sheet2!$A:$D,4,0) | AJ29: =VLOOKUP(BL$1&$A29,Sheet2!$A:$D,4,0) | AK29: =VLOOKUP(BB$1&$A29,Sheet2!$A:$D,4,0) | AL29: =VLOOKUP(AZ$1&$A29,Sheet2!$A:$D,4,0) | AN29: 6131.8242 | AO29: 135014.11 | AP29: 1468.6112 | AQ29: 357.10891 | AR29: 541.80332
A30: 44333 | B30: 19728.31 | C30: 21226.53 | D30: 19270.53 | E30: 19270.53 | F30: 19270.53 | G30: 10162.08 | H30: 11491.7 | I30: 9351.65 | J30: 24518.072 | K30: 14663.357 | N30: 976327.79 | O30: =VLOOKUP(A30,'[1]FUSOF AD'!$A:$D,4,0) | Q30: =VLOOKUP(BA$1&$A30,Sheet2!$A:$D,4,0) | R30: =VLOOKUP(BA$1&$A30,Sheet2!$A:$D,4,0) | S30: =VLOOKUP(BA$1&$A30,Sheet2!$A:$D,4,0) | T30: =VLOOKUP(BG$1&$A30,Sheet2!$A:$D,4,0) | AG30: =VLOOKUP(BI$1&$A30,Sheet2!$A:$D,4,0) | AH30: =VLOOKUP(BN$1&$A30,Sheet2!$A:$D,4,0) | AI30: =VLOOKUP(BK$1&$A30,Sheet2!$A:$D,4,0) | AJ30: =VLOOKUP(BL$1&$A30,Sheet2!$A:$D,4,0) | AK30: =VLOOKUP(BB$1&$A30,Sheet2!$A:$D,4,0) | AL30: =VLOOKUP(AZ$1&$A30,Sheet2!$A:$D,4,0) | AN30: 6133.776 | AO30: 136843.49 | AP30: 1490.2404 | AQ30: 364.09291 | AR30: 542.56643
A31: 44334 | B31: 19977.08 | C31: 21489.56 | D31: 19524.65 | E31: 19524.65 | F31: 19524.65 | G31: 10310.21 | H31: 11681.99 | I31: 9468.79 | J31: 24841.063 | K31: 14739.789 | N31: 968400.24 | O31: =VLOOKUP(A31,'[1]FUSOF AD'!$A:$D,4,0) | Q31: =VLOOKUP(BA$1&$A31,Sheet2!$A:$D,4,0) | R31: =VLOOKUP(BA$1&$A31,Sheet2!$A:$D,4,0) | S31: =VLOOKUP(BA$1&$A31,Sheet2!$A:$D,4,0) | T31: =VLOOKUP(BG$1&$A31,Sheet2!$A:$D,4,0) | AG31: =VLOOKUP(BI$1&$A31,Sheet2!$A:$D,4,0) | AH31: =VLOOKUP(BN$1&$A31,Sheet2!$A:$D,4,0) | AI31: =VLOOKUP(BK$1&$A31,Sheet2!$A:$D,4,0) | AJ31: =VLOOKUP(BL$1&$A31,Sheet2!$A:$D,4,0) | AK31: =VLOOKUP(BB$1&$A31,Sheet2!$A:$D,4,0) | AL31: =VLOOKUP(AZ$1&$A31,Sheet2!$A:$D,4,0) | AN31: 6134.1129 | AO31: 136473.47 | AP31: 1502.8896 | AQ31: 367.95532 | AR31: 547.36548
... A39: 44344 | B39: 20406.65 | C39: 21962.31 | D39: 19952.29 | E39: 19952.29 | F39: 19952.29 | G39: 10520.35 | H39: 11906.95 | I39: 9784.17 | J39: 25372.27 | K39: 15251.683 | N39: 988272.62 | O39: =VLOOKUP(A39,'[1]FUSOF AD'!$A:$D,4,0) | Q39: =VLOOKUP(BA$1&$A39,Sheet2!$A:$D,4,0) | R39: =VLOOKUP(BA$1&$A39,Sheet2!$A:$D,4,0) | S39: =VLOOKUP(BA$1&$A39,Sheet2!$A:$D,4,0) | T39: =VLOOKUP(BG$1&$A39,Sheet2!$A:$D,4,0) | AG39: =VLOOKUP(BI$1&$A39,Sheet2!$A:$D,4,0) | AH39: =VLOOKUP(BN$1&$A39,Sheet2!$A:$D,4,0) | AI39: =VLOOKUP(BK$1&$A39,Sheet2!$A:$D,4,0) | AJ39: =VLOOKUP(BL$1&$A39,Sheet2!$A:$D,4,0) | AK39: =VLOOKUP(BB$1&$A39,Sheet2!$A:$D,4,0) | AL39: =VLOOKUP(AZ$1&$A39,Sheet2!$A:$D,4,0) | AN39: 6140.8197 | AO39: 137751.14 | AP39: 1543.7038 | AQ39: 377.53797 | AR39: 566.30965
A40: 44347 | B40: 20625.45 | C40: 22203.59 | D40: 20138.1 | E40: 20138.1 | F40: 20138.1 | G40: 10598.29 | H40: 11955.56 | I40: 9824.52 | J40: 25611.582 | K40: 15314.804 | Q40: =VLOOKUP(BA$1&$A40,Sheet2!$A:$D,4,0) | R40: =VLOOKUP(BA$1&$A40,Sheet2!$A:$D,4,0) | S40: =VLOOKUP(BA$1&$A40,Sheet2!$A:$D,4,0) | T40: =VLOOKUP(BG$1&$A40,Sheet2!$A:$D,4,0) | AG40: =VLOOKUP(BI$1&$A40,Sheet2!$A:$D,4,0) | AH40: =VLOOKUP(BN$1&$A40,Sheet2!$A:$D,4,0) | AI40: =VLOOKUP(BK$1&$A40,Sheet2!$A:$D,4,0) | AJ40: =VLOOKUP(BL$1&$A40,Sheet2!$A:$D,4,0) | AK40: =VLOOKUP(BB$1&$A40,Sheet2!$A:$D,4,0) | AL40: =VLOOKUP(AZ$1&$A40,Sheet2!$A:$D,4,0) | AN40: 6141.7492 | AO40: 138232.07 | AP40: 1557.001 | AQ40: 380.63122 | AR40: 568.06489
A41: 44348 | B41: 20613.31 | C41: 22192.25 | D41: 20113.79 | E41: 20113.79 | F41: 20113.79 | G41: 10585.13 | H41: 11932.83 | I41: 9758.89 | J41: 25584.42 | K41: 15300.74 | N41: 990701.72 | O41: 636773.9 | Q41: =VLOOKUP(BA$1&$A41,Sheet2!$A:$D,4,0) | R41: =VLOOKUP(BA$1&$A41,Sheet2!$A:$D,4,0) | S41: =VLOOKUP(BA$1&$A41,Sheet2!$A:$D,4,0) | T41: =VLOOKUP(BG$1&$A41,Sheet2!$A:$D,4,0) | AG41: =VLOOKUP(BI$1&$A41,Sheet2!$A:$D,4,0) | AH41: =VLOOKUP(BN$1&$A41,Sheet2!$A:$D,4,0) | AI41: =VLOOKUP(BK$1&$A41,Sheet2!$A:$D,4,0) | AJ41: =VLOOKUP(BL$1&$A41,Sheet2!$A:$D,4,0) | AK41: =VLOOKUP(BB$1&$A41,Sheet2!$A:$D,4,0) | AL41: =VLOOKUP(AZ$1&$A41,Sheet2!$A:$D,4,0) | AN41: 6142.3541 | AO41: 138447.84 | AP41: 1552.9914 | AQ41: 380.70292 | AR41: 568.61316
A42: 44349 | B42: 20669.16 | C42: 22194.18 | D42: 20210.99 | E42: 20210.99 | F42: 20210.99 | G42: 10667.69 | H42: 12087.28 | I42: 9878.31 | J42: 25710.645 | K42: 15214.576 | N42: 994800.73 | O42: 639391.38 | Q42: =VLOOKUP(BA$1&$A42,Sheet2!$A:$D,4,0) | R42: =VLOOKUP(BA$1&$A42,Sheet2!$A:$D,4,0) | S42: =VLOOKUP(BA$1&$A42,Sheet2!$A:$D,4,0) | T42: =VLOOKUP(BG$1&$A42,Sheet2!$A:$D,4,0) | AG42: =VLOOKUP(BI$1&$A42,Sheet2!$A:$D,4,0) | AH42: =VLOOKUP(BN$1&$A42,Sheet2!$A:$D,4,0) | AI42: =VLOOKUP(BK$1&$A42,Sheet2!$A:$D,4,0) | AJ42: =VLOOKUP(BL$1&$A42,Sheet2!$A:$D,4,0) | AK42: =VLOOKUP(BB$1&$A42,Sheet2!$A:$D,4,0) | AL42: =VLOOKUP(AZ$1&$A42,Sheet2!$A:$D,4,0) | AN42: 6142.7106 | AO42: 139184.51 | AP42: 1558.2927 | AQ42: 383.16985 | AR42: 567.67264
A43: 44350 | B43: 20830.44 | C43: 22361.86 | D43: 20376.14 | E43: 20376.14 | F43: 20376.14 | G43: 10755.78 | H43: 12192.59 | I43: 9991.13 | J43: 25918.84 | K43: 15283.609 | N43: 984166.89 | O43: 635638.53 | Q43: =VLOOKUP(BA$1&$A43,Sheet2!$A:$D,4,0) | R43: =VLOOKUP(BA$1&$A43,Sheet2!$A:$D,4,0) | S43: =VLOOKUP(BA$1&$A43,Sheet2!$A:$D,4,0) | T43: =VLOOKUP(BG$1&$A43,Sheet2!$A:$D,4,0) | AG43: =VLOOKUP(BI$1&$A43,Sheet2!$A:$D,4,0) | AH43: =VLOOKUP(BN$1&$A43,Sheet2!$A:$D,4,0) | AI43: =VLOOKUP(BK$1&$A43,Sheet2!$A:$D,4,0) | AJ43: =VLOOKUP(BL$1&$A43,Sheet2!$A:$D,4,0) | AK43: =VLOOKUP(BB$1&$A43,Sheet2!$A:$D,4,0) | AL43: =VLOOKUP(AZ$1&$A43,Sheet2!$A:$D,4,0) | AN43: 6143.3604 | AO43: 136626.43 | AP43: 1569.7665 | AQ43: 386.66713 | AR43: 567.49241
A44: 44351 | B44: 20821.55 | C44: 22333.23 | D44: 20396.67 | E44: 20396.67 | F44: 20396.67 | G44: 10789.79 | H44: 12274.86 | I44: 10042.92 | J44: 25945.664 | K44: 15286.002 | N44: 998851.97 | O44: 642040.84 | Q44: =VLOOKUP(BA$1&$A44,Sheet2!$A:$D,4,0) | R44: =VLOOKUP(BA$1&$A44,Sheet2!$A:$D,4,0) | S44: =VLOOKUP(BA$1&$A44,Sheet2!$A:$D,4,0) | T44: =VLOOKUP(BG$1&$A44,Sheet2!$A:$D,4,0) | AG44: =VLOOKUP(BI$1&$A44,Sheet2!$A:$D,4,0) | AH44: =VLOOKUP(BN$1&$A44,Sheet2!$A:$D,4,0) | AI44: =VLOOKUP(BK$1&$A44,Sheet2!$A:$D,4,0) | AJ44: =VLOOKUP(BL$1&$A44,Sheet2!$A:$D,4,0) | AK44: =VLOOKUP(BB$1&$A44,Sheet2!$A:$D,4,0) | AL44: =VLOOKUP(AZ$1&$A44,Sheet2!$A:$D,4,0) | AN44: 6144.5901 | AO44: 137703.21 | AP44: 1566.4683 | AQ44: 389.1274 | AR44: 569.17664
A45: 44354 | B45: 20916.57 | C45: 22449.24 | D45: 20527.27 | E45: 20527.27 | F45: 20527.27 | G45: 10881.61 | H45: 12427.38 | I45: 10189.9 | J45: 26109.355 | K45: 15428.302 | N45: 1000514 | O45: 639874.67 | Q45: =VLOOKUP(BA$1&$A45,Sheet2!$A:$D,4,0) | R45: =VLOOKUP(BA$1&$A45,Sheet2!$A:$D,4,0) | S45: =VLOOKUP(BA$1&$A45,Sheet2!$A:$D,4,0) | T45: =VLOOKUP(BG$1&$A45,Sheet2!$A:$D,4,0) | AG45: =VLOOKUP(BI$1&$A45,Sheet2!$A:$D,4,0) | AH45: =VLOOKUP(BN$1&$A45,Sheet2!$A:$D,4,0) | AI45: =VLOOKUP(BK$1&$A45,Sheet2!$A:$D,4,0) | AJ45: =VLOOKUP(BL$1&$A45,Sheet2!$A:$D,4,0) | AK45: =VLOOKUP(BB$1&$A45,Sheet2!$A:$D,4,0) | AL45: =VLOOKUP(AZ$1&$A45,Sheet2!$A:$D,4,0) | AN45: 6146.3996 | AO45: 138220.34 | AP45: 1577.5208 | AQ45: 393.56111 | AR45: 572.27246
A46: 44355 | B46: 20914.76 | C46: 22432.77 | D46: 20553.02 | E46: 20553.02 | F46: 20553.02 | G46: 10916.27 | H46: 12506.96 | I46: 10241.89 | J46: 26147.802 | K46: 15634.272 | N46: 1003550 | O46: 640691.67 | Q46: =VLOOKUP(BA$1&$A46,Sheet2!$A:$D,4,0) | R46: =VLOOKUP(BA$1&$A46,Sheet2!$A:$D,4,0) | S46: =VLOOKUP(BA$1&$A46,Sheet2!$A:$D,4,0) | T46: =VLOOKUP(BG$1&$A46,Sheet2!$A:$D,4,0) | AG46: =VLOOKUP(BI$1&$A46,Sheet2!$A:$D,4,0) | AH46: =VLOOKUP(BN$1&$A46,Sheet2!$A:$D,4,0) | AI46: =VLOOKUP(BK$1&$A46,Sheet2!$A:$D,4,0) | AJ46: =VLOOKUP(BL$1&$A46,Sheet2!$A:$D,4,0) | AK46: =VLOOKUP(BB$1&$A46,Sheet2!$A:$D,4,0) | AL46: =VLOOKUP(AZ$1&$A46,Sheet2!$A:$D,4,0) | AN46: 6146.425 | AO46: 138081.21 | AP46: 1576.825 | AQ46: 395.66236 | AR46: 578.12465
A47: 44356 | B47: 20767.88 | C47: 22283.52 | D47: 20400.55 | E47: 20400.55 | F47: 20400.55 | G47: 10838.36 | H47: 12416.31 | I47: 10115.99 | J47: 25954.321 | K47: 15583.437 | N47: 1004505.1 | O47: 640327.21 | Q47: =VLOOKUP(BA$1&$A47,Sheet2!$A:$D,4,0) | R47: =VLOOKUP(BA$1&$A47,Sheet2!$A:$D,4,0) | S47: =VLOOKUP(BA$1&$A47,Sheet2!$A:$D,4,0) | T47: =VLOOKUP(BG$1&$A47,Sheet2!$A:$D,4,0) | AG47: =VLOOKUP(BI$1&$A47,Sheet2!$A:$D,4,0) | AH47: =VLOOKUP(BN$1&$A47,Sheet2!$A:$D,4,0) | AI47: =VLOOKUP(BK$1&$A47,Sheet2!$A:$D,4,0) | AJ47: =VLOOKUP(BL$1&$A47,Sheet2!$A:$D,4,0) | AK47: =VLOOKUP(BB$1&$A47,Sheet2!$A:$D,4,0) | AL47: =VLOOKUP(AZ$1&$A47,Sheet2!$A:$D,4,0) | AN47: 6146.699 | AO47: 137808.01 | AP47: 1565.8908 | AQ47: 392.12785 | AR47: 577.06011
A48: 44357 | B48: 20935.83 | C48: 22448.94 | D48: 20596.64 | E48: 20596.64 | F48: 20596.64 | G48: 10962.32 | H48: 12599.02 | I48: 10279.31 | J48: 26205.712 | K48: 15718.462 | N48: 1015874.6 | O48: 644064.81 | Q48: =VLOOKUP(BA$1&$A48,Sheet2!$A:$D,4,0) | R48: =VLOOKUP(BA$1&$A48,Sheet2!$A:$D,4,0) | S48: =VLOOKUP(BA$1&$A48,Sheet2!$A:$D,4,0) | T48: =VLOOKUP(BG$1&$A48,Sheet2!$A:$D,4,0) | AG48: =VLOOKUP(BI$1&$A48,Sheet2!$A:$D,4,0) | AH48: =VLOOKUP(BN$1&$A48,Sheet2!$A:$D,4,0) | AI48: =VLOOKUP(BK$1&$A48,Sheet2!$A:$D,4,0) | AJ48: =VLOOKUP(BL$1&$A48,Sheet2!$A:$D,4,0) | AK48: =VLOOKUP(BB$1&$A48,Sheet2!$A:$D,4,0) | AL48: =VLOOKUP(AZ$1&$A48,Sheet2!$A:$D,4,0) | AN48: 6146.8265 | AO48: 138696.91 | AP48: 1577.4474 | AQ48: 395.52343 | AR48: 581.53052
A49: 44358 | B49: 21017.72 | C49: 22544.26 | D49: 20672.33 | E49: 20672.33 | F49: 20672.33 | G49: 10997.29 | H49: 12630.36 | I49: 10316.45 | J49: 26303.871 | K49: 15904.183 | N49: 1019348.4 | O49: 645477.69 | Q49: =VLOOKUP(BA$1&$A49,Sheet2!$A:$D,4,0) | R49: =VLOOKUP(BA$1&$A49,Sheet2!$A:$D,4,0) | S49: =VLOOKUP(BA$1&$A49,Sheet2!$A:$D,4,0) | T49: =VLOOKUP(BG$1&$A49,Sheet2!$A:$D,4,0) | AG49: =VLOOKUP(BI$1&$A49,Sheet2!$A:$D,4,0) | AH49: =VLOOKUP(BN$1&$A49,Sheet2!$A:$D,4,0) | AI49: =VLOOKUP(BK$1&$A49,Sheet2!$A:$D,4,0) | AJ49: =VLOOKUP(BL$1&$A49,Sheet2!$A:$D,4,0) | AK49: =VLOOKUP(BB$1&$A49,Sheet2!$A:$D,4,0) | AL49: =VLOOKUP(AZ$1&$A49,Sheet2!$A:$D,4,0) | AN49: 6148.8349 | AO49: 137445.11 | AP49: 1574.9745 | AQ49: 396.2559 | AR49: 586.86724
A50: 44361 | B50: 21021.81 | C50: 22567.11 | D50: 20660.97 | E50: 20660.97 | F50: 20660.97 | G50: 10983.3 | H50: 12596.29 | I50: 10267.27 | J50: 26291.421 | K50: 15966.118 | N50: 1030566 | O50: 648557.98 | Q50: =VLOOKUP(BA$1&$A50,Sheet2!$A:$D,4,0) | R50: =VLOOKUP(BA$1&$A50,Sheet2!$A:$D,4,0) | S50: =VLOOKUP(BA$1&$A50,Sheet2!$A:$D,4,0) | T50: =VLOOKUP(BG$1&$A50,Sheet2!$A:$D,4,0) | AG50: =VLOOKUP(BI$1&$A50,Sheet2!$A:$D,4,0) | AH50: =VLOOKUP(BN$1&$A50,Sheet2!$A:$D,4,0) | AI50: =VLOOKUP(BK$1&$A50,Sheet2!$A:$D,4,0) | AJ50: =VLOOKUP(BL$1&$A50,Sheet2!$A:$D,4,0) | AK50: =VLOOKUP(BB$1&$A50,Sheet2!$A:$D,4,0) | AL50: =VLOOKUP(AZ$1&$A50,Sheet2!$A:$D,4,0) | AN50: 6150.059 | AO50: 136553.51 | AP50: 1574.3152 | AQ50: 395.94802 | AR50: 589.32297
A51: 44362 | B51: 21096.29 | C51: 22649.05 | D51: 20742.75 | E51: 20742.75 | F51: 20742.75 | G51: 11034.36 | H51: 12668.44 | I51: 10318.38 | J51: 26393.929 | K51: 16025.187 | N51: 1024696.4 | O51: 647641.25 | Q51: =VLOOKUP(BA$1&$A51,Sheet2!$A:$D,4,0) | R51: =VLOOKUP(BA$1&$A51,Sheet2!$A:$D,4,0) | S51: =VLOOKUP(BA$1&$A51,Sheet2!$A:$D,4,0) | T51: =VLOOKUP(BG$1&$A51,Sheet2!$A:$D,4,0) | AG51: =VLOOKUP(BI$1&$A51,Sheet2!$A:$D,4,0) | AH51: =VLOOKUP(BN$1&$A51,Sheet2!$A:$D,4,0) | AI51: =VLOOKUP(BK$1&$A51,Sheet2!$A:$D,4,0) | AJ51: =VLOOKUP(BL$1&$A51,Sheet2!$A:$D,4,0) | AK51: =VLOOKUP(BB$1&$A51,Sheet2!$A:$D,4,0) | AL51: =VLOOKUP(AZ$1&$A51,Sheet2!$A:$D,4,0) | AN51: 6150.6711 | AO51: 136335.27 | AP51: 1579.4488 | AQ51: 397.89033 | AR51: 591.95573
A52: 44363 | B52: 20951.23 | C52: 22503.9 | D52: 20595.05 | E52: 20595.05 | F52: 20595.05 | G52: 10947.71 | H52: 12556.91 | I52: 10255.52 | J52: 26206.577 | K52: 16040.681 | N52: 1021213.2 | O52: 644257.19 | Q52: =VLOOKUP(BA$1&$A52,Sheet2!$A:$D,4,0) | R52: =VLOOKUP(BA$1&$A52,Sheet2!$A:$D,4,0) | S52: =VLOOKUP(BA$1&$A52,Sheet2!$A:$D,4,0) | T52: =VLOOKUP(BG$1&$A52,Sheet2!$A:$D,4,0) | AG52: =VLOOKUP(BI$1&$A52,Sheet2!$A:$D,4,0) | AH52: =VLOOKUP(BN$1&$A52,Sheet2!$A:$D,4,0) | AI52: =VLOOKUP(BK$1&$A52,Sheet2!$A:$D,4,0) | AJ52: =VLOOKUP(BL$1&$A52,Sheet2!$A:$D,4,0) | AK52: =VLOOKUP(BB$1&$A52,Sheet2!$A:$D,4,0) | AL52: =VLOOKUP(AZ$1&$A52,Sheet2!$A:$D,4,0) | AN52: 6147.8849 | AO52: 132761.76 | AP52: 1570.1103 | AQ52: 394.79874 | AR52: 593.37372
... A62: 44377 | B62: 20879.7 | C62: 22455.7 | D62: 20552.2 | E62: 20552.2 | F62: 20552.2 | G62: 10922.19 | H62: 12541.44 | I62: 10379.14 | J62: 26155.756 | K62: 16525.583 | N62: 1076622.9 | O62: 664706.11 | Q62: =VLOOKUP(BA$1&$A62,Sheet2!$A:$D,4,0) | R62: =VLOOKUP(BA$1&$A62,Sheet2!$A:$D,4,0) | S62: =VLOOKUP(BA$1&$A62,Sheet2!$A:$D,4,0) | T62: =VLOOKUP(BG$1&$A62,Sheet2!$A:$D,4,0) | AG62: =VLOOKUP(BI$1&$A62,Sheet2!$A:$D,4,0) | AH62: =VLOOKUP(BN$1&$A62,Sheet2!$A:$D,4,0) | AI62: =VLOOKUP(BK$1&$A62,Sheet2!$A:$D,4,0) | AJ62: =VLOOKUP(BL$1&$A62,Sheet2!$A:$D,4,0) | AK62: =VLOOKUP(BB$1&$A62,Sheet2!$A:$D,4,0) | AL62: =VLOOKUP(AZ$1&$A62,Sheet2!$A:$D,4,0) | AN62: 6154.1164 | AO62: 131602.51 | AP62: 1564.6499 | AQ62: 395.03382 | AR62: 612.20128
A63: 44378 | B63: 20839.81 | C63: 22396.4 | D63: 20524.09 | E63: 20524.09 | F63: 20524.09 | G63: 10901.55 | H63: 12518.01 | I63: 10440.38 | J63: 26118.487 | K63: 16408.638 | N63: 1083425.9 | O63: 670288.68 | Q63: =VLOOKUP(BA$1&$A63,Sheet2!$A:$D,4,0) | R63: =VLOOKUP(BA$1&$A63,Sheet2!$A:$D,4,0) | S63: =VLOOKUP(BA$1&$A63,Sheet2!$A:$D,4,0) | T63: =VLOOKUP(BG$1&$A63,Sheet2!$A:$D,4,0) | AG63: =VLOOKUP(BI$1&$A63,Sheet2!$A:$D,4,0) | AH63: =VLOOKUP(BN$1&$A63,Sheet2!$A:$D,4,0) | AI63: =VLOOKUP(BK$1&$A63,Sheet2!$A:$D,4,0) | AJ63: =VLOOKUP(BL$1&$A63,Sheet2!$A:$D,4,0) | AK63: =VLOOKUP(BB$1&$A63,Sheet2!$A:$D,4,0) | AL63: =VLOOKUP(AZ$1&$A63,Sheet2!$A:$D,4,0) | AO63: 132463.3 | AP63: 1564.737 | AQ63: 395.44451 | AR63: 613.53926
A64: 44379 | B64: 20877.76 | C64: 22456.66 | D64: 20585.64 | E64: 20585.64 | F64: 20585.64 | G64: 10945.78 | H64: 12596.45 | I64: 10536.95 | J64: 26196.948 | K64: 16444.031 | N64: 1096874.6 | O64: 677123.06 | Q64: =VLOOKUP(BA$1&$A64,Sheet2!$A:$D,4,0) | R64: =VLOOKUP(BA$1&$A64,Sheet2!$A:$D,4,0) | S64: =VLOOKUP(BA$1&$A64,Sheet2!$A:$D,4,0) | T64: =VLOOKUP(BG$1&$A64,Sheet2!$A:$D,4,0) | AG64: =VLOOKUP(BI$1&$A64,Sheet2!$A:$D,4,0) | AH64: =VLOOKUP(BN$1&$A64,Sheet2!$A:$D,4,0) | AI64: =VLOOKUP(BK$1&$A64,Sheet2!$A:$D,4,0) | AJ64: =VLOOKUP(BL$1&$A64,Sheet2!$A:$D,4,0) | AK64: =VLOOKUP(BB$1&$A64,Sheet2!$A:$D,4,0) | AL64: =VLOOKUP(AZ$1&$A64,Sheet2!$A:$D,4,0) | AO64: 133137.31 | AP64: 1568.0525 | AQ64: 396.00637 | AR64: 615.64074
A65: 44382 | B65: 21023.09 | C65: 22618.97 | D65: 20726.43 | E65: 20726.43 | F65: 20726.43 | G65: 11006.86 | H65: 12649.63 | I65: 10655.5 | J65: 26376.706 | K65: 16486.82 | Q65: =VLOOKUP(BA$1&$A65,Sheet2!$A:$D,4,0) | R65: =VLOOKUP(BA$1&$A65,Sheet2!$A:$D,4,0) | S65: =VLOOKUP(BA$1&$A65,Sheet2!$A:$D,4,0) | T65: =VLOOKUP(BG$1&$A65,Sheet2!$A:$D,4,0) | AG65: =VLOOKUP(BI$1&$A65,Sheet2!$A:$D,4,0) | AH65: =VLOOKUP(BN$1&$A65,Sheet2!$A:$D,4,0) | AI65: =VLOOKUP(BK$1&$A65,Sheet2!$A:$D,4,0) | AJ65: =VLOOKUP(BL$1&$A65,Sheet2!$A:$D,4,0) | AK65: =VLOOKUP(BB$1&$A65,Sheet2!$A:$D,4,0) | AL65: =VLOOKUP(AZ$1&$A65,Sheet2!$A:$D,4,0) | AO65: 133095.28 | AP65: 1578.803 | AQ65: 398.01037 | AR65: 616.056
A66: 44383 | B66: 21008.37 | C66: 22595.93 | D66: 20709.59 | E66: 20709.59 | F66: 20709.59 | G66: 11007.96 | H66: 12660.88 | I66: 10599.57 | J66: 26350.401 | K66: 16316.467 | N66: 1098818.8 | O66: 674000.41 | Q66: =VLOOKUP(BA$1&$A66,Sheet2!$A:$D,4,0) | R66: =VLOOKUP(BA$1&$A66,Sheet2!$A:$D,4,0) | S66: =VLOOKUP(BA$1&$A66,Sheet2!$A:$D,4,0) | T66: =VLOOKUP(BG$1&$A66,Sheet2!$A:$D,4,0) | AG66: =VLOOKUP(BI$1&$A66,Sheet2!$A:$D,4,0) | AH66: =VLOOKUP(BN$1&$A66,Sheet2!$A:$D,4,0) | AI66: =VLOOKUP(BK$1&$A66,Sheet2!$A:$D,4,0) | AJ66: =VLOOKUP(BL$1&$A66,Sheet2!$A:$D,4,0) | AK66: =VLOOKUP(BB$1&$A66,Sheet2!$A:$D,4,0) | AL66: =VLOOKUP(AZ$1&$A66,Sheet2!$A:$D,4,0) | AO66: 134000.53 | AP66: 1579.3145 | AQ66: 396.73439 | AR66: 612.82556
A67: 44384 | B67: 21090.18 | C67: 22683.66 | D67: 20796.33 | E67: 20796.33 | F67: 20796.33 | G67: 11055.21 | H67: 12720.19 | I67: 10669.93 | J67: 26455.014 | K67: 16340.472 | N67: 1101857.8 | O67: 676877.58 | Q67: =VLOOKUP(BA$1&$A67,Sheet2!$A:$D,4,0) | R67: =VLOOKUP(BA$1&$A67,Sheet2!$A:$D,4,0) | S67: =VLOOKUP(BA$1&$A67,Sheet2!$A:$D,4,0) | T67: =VLOOKUP(BG$1&$A67,Sheet2!$A:$D,4,0) | AG67: =VLOOKUP(BI$1&$A67,Sheet2!$A:$D,4,0) | AH67: =VLOOKUP(BN$1&$A67,Sheet2!$A:$D,4,0) | AI67: =VLOOKUP(BK$1&$A67,Sheet2!$A:$D,4,0) | AJ67: =VLOOKUP(BL$1&$A67,Sheet2!$A:$D,4,0) | AK67: =VLOOKUP(BB$1&$A67,Sheet2!$A:$D,4,0) | AL67: =VLOOKUP(AZ$1&$A67,Sheet2!$A:$D,4,0) | AO67: 134876.66 | AP67: 1585.0047 | AQ67: 397.20232 | AR67: 611.43297
A68: 44385 | B68: 20919 | C68: 22473.81 | D68: 20651.57 | E68: 20651.57 | F68: 20651.57 | G68: 10988.83 | H68: 12670.24 | I68: 10666.35 | J68: 26267.049 | K68: 16299.057 | N68: 1095437.4 | O68: 672069.16 | Q68: =VLOOKUP(BA$1&$A68,Sheet2!$A:$D,4,0) | R68: =VLOOKUP(BA$1&$A68,Sheet2!$A:$D,4,0) | S68: =VLOOKUP(BA$1&$A68,Sheet2!$A:$D,4,0) | T68: =VLOOKUP(BG$1&$A68,Sheet2!$A:$D,4,0) | AG68: =VLOOKUP(BI$1&$A68,Sheet2!$A:$D,4,0) | AH68: =VLOOKUP(BN$1&$A68,Sheet2!$A:$D,4,0) | AI68: =VLOOKUP(BK$1&$A68,Sheet2!$A:$D,4,0) | AJ68: =VLOOKUP(BL$1&$A68,Sheet2!$A:$D,4,0) | AK68: =VLOOKUP(BB$1&$A68,Sheet2!$A:$D,4,0) | AL68: =VLOOKUP(AZ$1&$A68,Sheet2!$A:$D,4,0) | AO68: 134704.94 | AP68: 1572.113 | AQ68: 393.914 | AR68: 610.11239
A69: 44386 | B69: 20881.1 | C69: 22420.36 | D69: 20645.03 | E69: 20645.03 | F69: 20645.03 | G69: 11004.76 | H69: 12729.09 | I69: 10724.84 | J69: 26264.655 | K69: 16284.678 | N69: 1104387.1 | O69: 678965.4 | Q69: =VLOOKUP(BA$1&$A69,Sheet2!$A:$D,4,0) | R69: =VLOOKUP(BA$1&$A69,Sheet2!$A:$D,4,0) | S69: =VLOOKUP(BA$1&$A69,Sheet2!$A:$D,4,0) | T69: =VLOOKUP(BG$1&$A69,Sheet2!$A:$D,4,0) | AG69: =VLOOKUP(BI$1&$A69,Sheet2!$A:$D,4,0) | AH69: =VLOOKUP(BN$1&$A69,Sheet2!$A:$D,4,0) | AI69: =VLOOKUP(BK$1&$A69,Sheet2!$A:$D,4,0) | AJ69: =VLOOKUP(BL$1&$A69,Sheet2!$A:$D,4,0) | AK69: =VLOOKUP(BB$1&$A69,Sheet2!$A:$D,4,0) | AL69: =VLOOKUP(AZ$1&$A69,Sheet2!$A:$D,4,0) | AO69: 134667.39 | AP69: 1571.2212 | AQ69: 394.5142 | AR69: 611.50738
A70: 44389 | B70: 20886.02 | C70: 22424.39 | D70: 20677.41 | E70: 20677.41 | F70: 20677.41 | G70: 11028.87 | H70: 12781.56 | I70: 10840.96 | J70: 26306.658 | K70: 16194.356 | N70: 1105458.5 | O70: 680771.69 | Q70: =VLOOKUP(BA$1&$A70,Sheet2!$A:$D,4,0) | R70: =VLOOKUP(BA$1&$A70,Sheet2!$A:$D,4,0) | S70: =VLOOKUP(BA$1&$A70,Sheet2!$A:$D,4,0) | T70: =VLOOKUP(BG$1&$A70,Sheet2!$A:$D,4,0) | AG70: =VLOOKUP(BI$1&$A70,Sheet2!$A:$D,4,0) | AH70: =VLOOKUP(BN$1&$A70,Sheet2!$A:$D,4,0) | AI70: =VLOOKUP(BK$1&$A70,Sheet2!$A:$D,4,0) | AJ70: =VLOOKUP(BL$1&$A70,Sheet2!$A:$D,4,0) | AK70: =VLOOKUP(BB$1&$A70,Sheet2!$A:$D,4,0) | AL70: =VLOOKUP(AZ$1&$A70,Sheet2!$A:$D,4,0) | AO70: 134592.04 | AP70: 1577.3608 | AQ70: 397.43574 | AR70: 610.1802
A71: 44390 | B71: 21016.41 | C71: 22595.49 | D71: 20799.35 | E71: 20799.35 | F71: 20799.35 | G71: 11078.96 | H71: 12818.22 | I71: 10932.69 | J71: 26457.393 | K71: 16153.384 | N71: 1101020 | O71: 677594.95 | Q71: =VLOOKUP(BA$1&$A71,Sheet2!$A:$D,4,0) | R71: =VLOOKUP(BA$1&$A71,Sheet2!$A:$D,4,0) | S71: =VLOOKUP(BA$1&$A71,Sheet2!$A:$D,4,0) | T71: =VLOOKUP(BG$1&$A71,Sheet2!$A:$D,4,0) | AG71: =VLOOKUP(BI$1&$A71,Sheet2!$A:$D,4,0) | AH71: =VLOOKUP(BN$1&$A71,Sheet2!$A:$D,4,0) | AI71: =VLOOKUP(BK$1&$A71,Sheet2!$A:$D,4,0) | AJ71: =VLOOKUP(BL$1&$A71,Sheet2!$A:$D,4,0) | AK71: =VLOOKUP(BB$1&$A71,Sheet2!$A:$D,4,0) | AL71: =VLOOKUP(AZ$1&$A71,Sheet2!$A:$D,4,0) | AO71: 134816.58 | AP71: 1589.9958 | AQ71: 401.07084 | AR71: 607.39903
A72: 44391 | B72: 21064.88 | C72: 22656.78 | D72: 20849.7 | E72: 20849.7 | F72: 20849.7 | G72: 11110.26 | H72: 12861 | I72: 10951.94 | J72: 26516.26 | K72: 16458.801 | N72: 1101996.9 | O72: 679331.76 | Q72: =VLOOKUP(BA$1&$A72,Sheet2!$A:$D,4,0) | R72: =VLOOKUP(BA$1&$A72,Sheet2!$A:$D,4,0) | S72: =VLOOKUP(BA$1&$A72,Sheet2!$A:$D,4,0) | T72: =VLOOKUP(BG$1&$A72,Sheet2!$A:$D,4,0) | AG72: =VLOOKUP(BI$1&$A72,Sheet2!$A:$D,4,0) | AH72: =VLOOKUP(BN$1&$A72,Sheet2!$A:$D,4,0) | AI72: =VLOOKUP(BK$1&$A72,Sheet2!$A:$D,4,0) | AJ72: =VLOOKUP(BL$1&$A72,Sheet2!$A:$D,4,0) | AK72: =VLOOKUP(BB$1&$A72,Sheet2!$A:$D,4,0) | AL72: =VLOOKUP(AZ$1&$A72,Sheet2!$A:$D,4,0) | AO72: 136043.01 | AP72: 1594.0515 | AQ72: 402.43574 | AR72: 613.8619
A73: 44392 | B73: 21158.89 | C73: 22762.34 | D73: 20944.04 | E73: 20944.04 | F73: 20944.04 | G73: 11155.55 | H73: 12908.54 | I73: 11028.81 | J73: 26629.251 | K73: 16571.754 | N73: 1094685.2 | O73: 676744.11 | Q73: =VLOOKUP(BA$1&$A73,Sheet2!$A:$D,4,0) | R73: =VLOOKUP(BA$1&$A73,Sheet2!$A:$D,4,0) | S73: =VLOOKUP(BA$1&$A73,Sheet2!$A:$D,4,0) | T73: =VLOOKUP(BG$1&$A73,Sheet2!$A:$D,4,0) | AG73: =VLOOKUP(BI$1&$A73,Sheet2!$A:$D,4,0) | AH73: =VLOOKUP(BN$1&$A73,Sheet2!$A:$D,4,0) | AI73: =VLOOKUP(BK$1&$A73,Sheet2!$A:$D,4,0) | AJ73: =VLOOKUP(BL$1&$A73,Sheet2!$A:$D,4,0) | AK73: =VLOOKUP(BB$1&$A73,Sheet2!$A:$D,4,0) | AL73: =VLOOKUP(AZ$1&$A73,Sheet2!$A:$D,4,0) | AO73: 136347.57 | AP73: 1598.6006 | AQ73: 402.68305 | AR73: 617.82584
A74: 44393 | B74: 21174.39 | C74: 22761.2 | D74: 20977.88 | E74: 20977.88 | F74: 20977.88 | G74: 11175.19 | H74: 12944.36 | I74: 11125.6 | J74: 26669.853 | K74: 16450.371 | N74: 1087625.3 | O74: 671788.21 | Q74: =VLOOKUP(BA$1&$A74,Sheet2!$A:$D,4,0) | R74: =VLOOKUP(BA$1&$A74,Sheet2!$A:$D,4,0) | S74: =VLOOKUP(BA$1&$A74,Sheet2!$A:$D,4,0) | T74: =VLOOKUP(BG$1&$A74,Sheet2!$A:$D,4,0) | AG74: =VLOOKUP(BI$1&$A74,Sheet2!$A:$D,4,0) | AH74: =VLOOKUP(BN$1&$A74,Sheet2!$A:$D,4,0) | AI74: =VLOOKUP(BK$1&$A74,Sheet2!$A:$D,4,0) | AJ74: =VLOOKUP(BL$1&$A74,Sheet2!$A:$D,4,0) | AK74: =VLOOKUP(BB$1&$A74,Sheet2!$A:$D,4,0) | AL74: =VLOOKUP(AZ$1&$A74,Sheet2!$A:$D,4,0) | AO74: 135103.26 | AP74: 1599.5119 | AQ74: 403.4094 | AR74: 612.47732
A75: 44396 | B75: 20958.59 | C75: 22516.71 | D75: 20791.94 | E75: 20791.94 | F75: 20791.94 | G75: 11083.58 | H75: 12864.01 | I75: 11125.04 | J75: 26431.555 | K75: 16337.972 | N75: 1080396.9 | O75: 663921.87 | Q75: =VLOOKUP(BA$1&$A75,Sheet2!$A:$D,4,0) | R75: =VLOOKUP(BA$1&$A75,Sheet2!$A:$D,4,0) | S75: =VLOOKUP(BA$1&$A75,Sheet2!$A:$D,4,0) | T75: =VLOOKUP(BG$1&$A75,Sheet2!$A:$D,4,0) | AG75: =VLOOKUP(BI$1&$A75,Sheet2!$A:$D,4,0) | AH75: =VLOOKUP(BN$1&$A75,Sheet2!$A:$D,4,0) | AI75: =VLOOKUP(BK$1&$A75,Sheet2!$A:$D,4,0) | AJ75: =VLOOKUP(BL$1&$A75,Sheet2!$A:$D,4,0) | AK75: =VLOOKUP(BB$1&$A75,Sheet2!$A:$D,4,0) | AL75: =VLOOKUP(AZ$1&$A75,Sheet2!$A:$D,4,0) | AO75: 135655.65 | AP75: 1590.8919 | AQ75: 401.19477 | AR75: 608.16373
A76: 44397 | B76: 20800.61 | C76: 22344.81 | D76: 20602.8 | E76: 20602.8 | F76: 20602.8 | G76: 10966.71 | H76: 12689.91 | I76: 10944 | J76: 26193.539 | K76: 16300.82 | N76: 1094630.7 | O76: 671678.77 | Q76: =VLOOKUP(BA$1&$A76,Sheet2!$A:$D,4,0) | R76: =VLOOKUP(BA$1&$A76,Sheet2!$A:$D,4,0) | S76: =VLOOKUP(BA$1&$A76,Sheet2!$A:$D,4,0) | T76: =VLOOKUP(BG$1&$A76,Sheet2!$A:$D,4,0) | AG76: =VLOOKUP(BI$1&$A76,Sheet2!$A:$D,4,0) | AH76: =VLOOKUP(BN$1&$A76,Sheet2!$A:$D,4,0) | AI76: =VLOOKUP(BK$1&$A76,Sheet2!$A:$D,4,0) | AJ76: =VLOOKUP(BL$1&$A76,Sheet2!$A:$D,4,0) | AK76: =VLOOKUP(BB$1&$A76,Sheet2!$A:$D,4,0) | AL76: =VLOOKUP(AZ$1&$A76,Sheet2!$A:$D,4,0) | AO76: 134901.57 | AP76: 1576.5926 | AQ76: 396.80275 | AR76: 607.25521
A77: 44399 | B77: 21074.75 | C77: 22621.45 | D77: 20871.08 | E77: 20871.08 | F77: 20871.08 | G77: 11098.97 | H77: 12828.72 | I77: 11119.23 | J77: 26538.068 | K77: 16624.852 | N77: 1107531.1 | O77: 677266.37 | Q77: =VLOOKUP(BA$1&$A77,Sheet2!$A:$D,4,0) | R77: =VLOOKUP(BA$1&$A77,Sheet2!$A:$D,4,0) | S77: =VLOOKUP(BA$1&$A77,Sheet2!$A:$D,4,0) | T77: =VLOOKUP(BG$1&$A77,Sheet2!$A:$D,4,0) | AG77: =VLOOKUP(BI$1&$A77,Sheet2!$A:$D,4,0) | AH77: =VLOOKUP(BN$1&$A77,Sheet2!$A:$D,4,0) | AI77: =VLOOKUP(BK$1&$A77,Sheet2!$A:$D,4,0) | AJ77: =VLOOKUP(BL$1&$A77,Sheet2!$A:$D,4,0) | AK77: =VLOOKUP(BB$1&$A77,Sheet2!$A:$D,4,0) | AL77: =VLOOKUP(AZ$1&$A77,Sheet2!$A:$D,4,0) | AO77: 134508.06 | AP77: 1593.384 | AQ77: 399.95324 | AR77: 619.48007
... A82: 44406 | B82: 21028.09 | C82: 22576.34 | D82: 20845.17 | E82: 20845.17 | F82: 20845.17 | G82: 11090.95 | H82: 12838.64 | I82: 11173.15 | J82: 26517.049 | K82: 16854.697 | N82: 1114444.9 | O82: 683726.67 | Q82: =VLOOKUP(BA$1&$A82,Sheet2!$A:$D,4,0) | R82: =VLOOKUP(BA$1&$A82,Sheet2!$A:$D,4,0) | S82: =VLOOKUP(BA$1&$A82,Sheet2!$A:$D,4,0) | T82: =VLOOKUP(BG$1&$A82,Sheet2!$A:$D,4,0) | AG82: =VLOOKUP(BI$1&$A82,Sheet2!$A:$D,4,0) | AH82: =VLOOKUP(BN$1&$A82,Sheet2!$A:$D,4,0) | AI82: =VLOOKUP(BK$1&$A82,Sheet2!$A:$D,4,0) | AJ82: =VLOOKUP(BL$1&$A82,Sheet2!$A:$D,4,0) | AK82: =VLOOKUP(BB$1&$A82,Sheet2!$A:$D,4,0) | AL82: =VLOOKUP(AZ$1&$A82,Sheet2!$A:$D,4,0) | AO82: 135716.52 | AP82: 1592.7098 | AQ82: 403.51166 | AR82: 633.84922
A83: 44407 | B83: 21021.58 | C83: 22554.26 | D83: 20876.6 | E83: 20876.6 | F83: 20876.6 | G83: 11139.76 | H83: 12955.56 | I83: 11227.38 | J83: 26554.508 | K83: 16867.296 | N83: 1108307.8 | O83: 681284.95 | Q83: =VLOOKUP(BA$1&$A83,Sheet2!$A:$D,4,0) | R83: =VLOOKUP(BA$1&$A83,Sheet2!$A:$D,4,0) | S83: =VLOOKUP(BA$1&$A83,Sheet2!$A:$D,4,0) | T83: =VLOOKUP(BG$1&$A83,Sheet2!$A:$D,4,0) | AG83: =VLOOKUP(BI$1&$A83,Sheet2!$A:$D,4,0) | AH83: =VLOOKUP(BN$1&$A83,Sheet2!$A:$D,4,0) | AI83: =VLOOKUP(BK$1&$A83,Sheet2!$A:$D,4,0) | AJ83: =VLOOKUP(BL$1&$A83,Sheet2!$A:$D,4,0) | AK83: =VLOOKUP(BB$1&$A83,Sheet2!$A:$D,4,0) | AL83: =VLOOKUP(AZ$1&$A83,Sheet2!$A:$D,4,0) | AN83: =VLOOKUP(A83,[2]Sheet1!$A$1:$B$34,2,0) | AO83: 134816.21 | AP83: 1591.5433 | AQ83: 403.67949 | AR83: 632.69486
A84: 44410 | B84: 21189.1 | C84: 22730.42 | D84: 21060.19 | E84: 21060.19 | F84: 21060.19 | G84: 11257.89 | H84: 13126.79 | I84: 11319.86 | J84: 26782.415 | K84: 17054.853 | N84: 1106178.4 | O84: 679403.25 | Q84: =VLOOKUP(BA$1&$A84,Sheet2!$A:$D,4,0) | R84: =VLOOKUP(BA$1&$A84,Sheet2!$A:$D,4,0) | S84: =VLOOKUP(BA$1&$A84,Sheet2!$A:$D,4,0) | T84: =VLOOKUP(BG$1&$A84,Sheet2!$A:$D,4,0) | AG84: =VLOOKUP(BI$1&$A84,Sheet2!$A:$D,4,0) | AH84: =VLOOKUP(BN$1&$A84,Sheet2!$A:$D,4,0) | AI84: =VLOOKUP(BK$1&$A84,Sheet2!$A:$D,4,0) | AJ84: =VLOOKUP(BL$1&$A84,Sheet2!$A:$D,4,0) | AK84: =VLOOKUP(BB$1&$A84,Sheet2!$A:$D,4,0) | AL84: =VLOOKUP(AZ$1&$A84,Sheet2!$A:$D,4,0) | AN84: =VLOOKUP(A84,[2]Sheet1!$A$1:$B$34,2,0) | AO84: 134832.43 | AP84: 1602.6594 | AQ84: 406.33149 | AR84: 638.40163
A85: 44411 | B85: 21494.48 | C85: 23081.86 | D85: 21297.96 | E85: 21297.96 | F85: 21297.96 | G85: 11349.99 | H85: 13153.58 | I85: 11292.01 | J85: 27090.456 | K85: 17291.72 | N85: 1112411.5 | O85: 684413.7 | Q85: =VLOOKUP(BA$1&$A85,Sheet2!$A:$D,4,0) | R85: =VLOOKUP(BA$1&$A85,Sheet2!$A:$D,4,0) | S85: =VLOOKUP(BA$1&$A85,Sheet2!$A:$D,4,0) | T85: =VLOOKUP(BG$1&$A85,Sheet2!$A:$D,4,0) | AG85: =VLOOKUP(BI$1&$A85,Sheet2!$A:$D,4,0) | AH85: =VLOOKUP(BN$1&$A85,Sheet2!$A:$D,4,0) | AI85: =VLOOKUP(BK$1&$A85,Sheet2!$A:$D,4,0) | AJ85: =VLOOKUP(BL$1&$A85,Sheet2!$A:$D,4,0) | AK85: =VLOOKUP(BB$1&$A85,Sheet2!$A:$D,4,0) | AL85: =VLOOKUP(AZ$1&$A85,Sheet2!$A:$D,4,0) | AN85: =VLOOKUP(A85,[2]Sheet1!$A$1:$B$34,2,0) | AO85: 134386.23 | AP85: 1622.9077 | AQ85: 409.78209 | AR85: 643.22129
A86: 44412 | B86: 21618.6 | C86: 23265.07 | D86: 21344.42 | E86: 21344.42 | F86: 21344.42 | G86: 11327.67 | H86: 13026.18 | I86: 11166.26 | J86: 27154.182 | K86: 17184.307 | N86: 1111244.2 | O86: 680355.76 | Q86: =VLOOKUP(BA$1&$A86,Sheet2!$A:$D,4,0) | R86: =VLOOKUP(BA$1&$A86,Sheet2!$A:$D,4,0) | S86: =VLOOKUP(BA$1&$A86,Sheet2!$A:$D,4,0) | T86: =VLOOKUP(BG$1&$A86,Sheet2!$A:$D,4,0) | AG86: =VLOOKUP(BI$1&$A86,Sheet2!$A:$D,4,0) | AH86: =VLOOKUP(BN$1&$A86,Sheet2!$A:$D,4,0) | AI86: =VLOOKUP(BK$1&$A86,Sheet2!$A:$D,4,0) | AJ86: =VLOOKUP(BL$1&$A86,Sheet2!$A:$D,4,0) | AK86: =VLOOKUP(BB$1&$A86,Sheet2!$A:$D,4,0) | AL86: =VLOOKUP(AZ$1&$A86,Sheet2!$A:$D,4,0) | AN86: =VLOOKUP(A86,[2]Sheet1!$A$1:$B$34,2,0) | AO86: 134313.87 | AP86: 1630.2193 | AQ86: 409.41085 | AR86: 642.14034
A87: 44413 | B87: 21655.16 | C87: 23319.53 | D87: 21365.73 | E87: 21365.73 | F87: 21365.73 | G87: 11338.97 | H87: 13030.04 | I87: 11109.8 | J87: 27182.612 | K87: 17344.651 | N87: 1119586.6 | O87: 684374.9 | Q87: =VLOOKUP(BA$1&$A87,Sheet2!$A:$D,4,0) | R87: =VLOOKUP(BA$1&$A87,Sheet2!$A:$D,4,0) | S87: =VLOOKUP(BA$1&$A87,Sheet2!$A:$D,4,0) | T87: =VLOOKUP(BG$1&$A87,Sheet2!$A:$D,4,0) | AG87: =VLOOKUP(BI$1&$A87,Sheet2!$A:$D,4,0) | AH87: =VLOOKUP(BN$1&$A87,Sheet2!$A:$D,4,0) | AI87: =VLOOKUP(BK$1&$A87,Sheet2!$A:$D,4,0) | AJ87: =VLOOKUP(BL$1&$A87,Sheet2!$A:$D,4,0) | AK87: =VLOOKUP(BB$1&$A87,Sheet2!$A:$D,4,0) | AL87: =VLOOKUP(AZ$1&$A87,Sheet2!$A:$D,4,0) | AN87: =VLOOKUP(A87,[2]Sheet1!$A$1:$B$34,2,0) | AO87: 133673.76 | AP87: 1623.4537 | AQ87: 407.71306 | AR87: 647.11762
A88: 44414 | B88: 21597.68 | C88: 23238.83 | D88: 21324.85 | E88: 21324.85 | F88: 21324.85 | G88: 11325.42 | H88: 13033.76 | I88: 11125.87 | J88: 27134.761 | K88: 17379.54 | N88: 1114984.5 | O88: 685416.89 | Q88: =VLOOKUP(BA$1&$A88,Sheet2!$A:$D,4,0) | R88: =VLOOKUP(BA$1&$A88,Sheet2!$A:$D,4,0) | S88: =VLOOKUP(BA$1&$A88,Sheet2!$A:$D,4,0) | T88: =VLOOKUP(BG$1&$A88,Sheet2!$A:$D,4,0) | AG88: =VLOOKUP(BI$1&$A88,Sheet2!$A:$D,4,0) | AH88: =VLOOKUP(BN$1&$A88,Sheet2!$A:$D,4,0) | AI88: =VLOOKUP(BK$1&$A88,Sheet2!$A:$D,4,0) | AJ88: =VLOOKUP(BL$1&$A88,Sheet2!$A:$D,4,0) | AK88: =VLOOKUP(BB$1&$A88,Sheet2!$A:$D,4,0) | AL88: =VLOOKUP(AZ$1&$A88,Sheet2!$A:$D,4,0) | AN88: =VLOOKUP(A88,[2]Sheet1!$A$1:$B$34,2,0) | AO88: 130862.11 | AP88: 1620.0535 | AQ88: 407.86589 | AR88: 647.14562
A89: 44417 | B89: 21608.05 | C89: 23269.12 | D89: 21296.21 | E89: 21296.21 | F89: 21296.21 | G89: 11291.24 | H89: 12948.88 | I89: 11010.9 | J89: 27089.467 | K89: 17426.776 | N89: 1116762.1 | O89: 685864.08 | Q89: =VLOOKUP(BA$1&$A89,Sheet2!$A:$D,4,0) | R89: =VLOOKUP(BA$1&$A89,Sheet2!$A:$D,4,0) | S89: =VLOOKUP(BA$1&$A89,Sheet2!$A:$D,4,0) | T89: =VLOOKUP(BG$1&$A89,Sheet2!$A:$D,4,0) | AG89: =VLOOKUP(BI$1&$A89,Sheet2!$A:$D,4,0) | AH89: =VLOOKUP(BN$1&$A89,Sheet2!$A:$D,4,0) | AI89: =VLOOKUP(BK$1&$A89,Sheet2!$A:$D,4,0) | AJ89: =VLOOKUP(BL$1&$A89,Sheet2!$A:$D,4,0) | AK89: =VLOOKUP(BB$1&$A89,Sheet2!$A:$D,4,0) | AL89: =VLOOKUP(AZ$1&$A89,Sheet2!$A:$D,4,0) | AN89: =VLOOKUP(A89,[2]Sheet1!$A$1:$B$34,2,0) | AO89: 128809.99 | AP89: 1618.0243 | AQ89: 406.09697 | AR89: 647.93153
A90: 44418 | B90: 21621.67 | C90: 23300.36 | D90: 21232.02 | E90: 21232.02 | F90: 21232.02 | G90: 11231.98 | H90: 12804.43 | I90: 10726.01 | J90: 27004.834 | K90: 17581.67 | N90: 1114139 | O90: 688058.39 | Q90: =VLOOKUP(BA$1&$A90,Sheet2!$A:$D,4,0) | R90: =VLOOKUP(BA$1&$A90,Sheet2!$A:$D,4,0) | S90: =VLOOKUP(BA$1&$A90,Sheet2!$A:$D,4,0) | T90: =VLOOKUP(BG$1&$A90,Sheet2!$A:$D,4,0) | AG90: =VLOOKUP(BI$1&$A90,Sheet2!$A:$D,4,0) | AH90: =VLOOKUP(BN$1&$A90,Sheet2!$A:$D,4,0) | AI90: =VLOOKUP(BK$1&$A90,Sheet2!$A:$D,4,0) | AJ90: =VLOOKUP(BL$1&$A90,Sheet2!$A:$D,4,0) | AK90: =VLOOKUP(BB$1&$A90,Sheet2!$A:$D,4,0) | AL90: =VLOOKUP(AZ$1&$A90,Sheet2!$A:$D,4,0) | AN90: =VLOOKUP(A90,[2]Sheet1!$A$1:$B$34,2,0) | AO90: 128667.92 | AP90: 1611.2729 | AQ90: 404.34916 | AR90: 650.92013
A91: 44419 | B91: 21617.19 | C91: 23303.89 | D91: 21208.2 | E91: 21208.2 | F91: 21208.2 | G91: 11208.8 | H91: 12753.78 | I91: 10668.47 | J91: 26977.649 | K91: 17575.521 | N91: 1112622.2 | O91: 689900.47 | Q91: =VLOOKUP(BA$1&$A91,Sheet2!$A:$D,4,0) | R91: =VLOOKUP(BA$1&$A91,Sheet2!$A:$D,4,0) | S91: =VLOOKUP(BA$1&$A91,Sheet2!$A:$D,4,0) | T91: =VLOOKUP(BG$1&$A91,Sheet2!$A:$D,4,0) | AG91: =VLOOKUP(BI$1&$A91,Sheet2!$A:$D,4,0) | AH91: =VLOOKUP(BN$1&$A91,Sheet2!$A:$D,4,0) | AI91: =VLOOKUP(BK$1&$A91,Sheet2!$A:$D,4,0) | AJ91: =VLOOKUP(BL$1&$A91,Sheet2!$A:$D,4,0) | AK91: =VLOOKUP(BB$1&$A91,Sheet2!$A:$D,4,0) | AL91: =VLOOKUP(AZ$1&$A91,Sheet2!$A:$D,4,0) | AN91: =VLOOKUP(A91,[2]Sheet1!$A$1:$B$34,2,0) | AO91: 130058.79 | AP91: 1609.5423 | AQ91: 404.69817 | AR91: 650.82932
A92: 44420 | B92: 21723.03 | C92: 23424.04 | D92: 21355.83 | E92: 21355.83 | F92: 21355.83 | G92: 11294.01 | H92: 12886.01 | I92: 10912.14 | J92: 27169.533 | K92: 17779.641 | N92: 1115177.7 | O92: 690375.67 | Q92: =VLOOKUP(BA$1&$A92,Sheet2!$A:$D,4,0) | R92: =VLOOKUP(BA$1&$A92,Sheet2!$A:$D,4,0) | S92: =VLOOKUP(BA$1&$A92,Sheet2!$A:$D,4,0) | T92: =VLOOKUP(BG$1&$A92,Sheet2!$A:$D,4,0) | AG92: =VLOOKUP(BI$1&$A92,Sheet2!$A:$D,4,0) | AH92: =VLOOKUP(BN$1&$A92,Sheet2!$A:$D,4,0) | AI92: =VLOOKUP(BK$1&$A92,Sheet2!$A:$D,4,0) | AJ92: =VLOOKUP(BL$1&$A92,Sheet2!$A:$D,4,0) | AK92: =VLOOKUP(BB$1&$A92,Sheet2!$A:$D,4,0) | AL92: =VLOOKUP(AZ$1&$A92,Sheet2!$A:$D,4,0) | AN92: =VLOOKUP(A92,[2]Sheet1!$A$1:$B$34,2,0) | AO92: 130223.63 | AP92: 1617.3218 | AQ92: 409.18522 | AR92: 656.89834
A93: 44421 | B93: 21915.54 | C93: 23659.78 | D93: 21498.96 | E93: 21498.96 | F93: 21498.96 | G93: 11338.19 | H93: 12871.6 | I93: 10904.7 | J93: 27345.941 | K93: 18070.847 | N93: 1116855.9 | O93: 691430.59 | Q93: =VLOOKUP(BA$1&$A93,Sheet2!$A:$D,4,0) | R93: =VLOOKUP(BA$1&$A93,Sheet2!$A:$D,4,0) | S93: =VLOOKUP(BA$1&$A93,Sheet2!$A:$D,4,0) | T93: =VLOOKUP(BG$1&$A93,Sheet2!$A:$D,4,0) | AG93: =VLOOKUP(BI$1&$A93,Sheet2!$A:$D,4,0) | AH93: =VLOOKUP(BN$1&$A93,Sheet2!$A:$D,4,0) | AI93: =VLOOKUP(BK$1&$A93,Sheet2!$A:$D,4,0) | AJ93: =VLOOKUP(BL$1&$A93,Sheet2!$A:$D,4,0) | AK93: =VLOOKUP(BB$1&$A93,Sheet2!$A:$D,4,0) | AL93: =VLOOKUP(AZ$1&$A93,Sheet2!$A:$D,4,0) | AN93: =VLOOKUP(A93,[2]Sheet1!$A$1:$B$34,2,0) | AO93: 132082.43 | AP93: 1626.1555 | AQ93: 411.22313 | AR93: 662.4695
A94: 44424 | B94: 21957.28 | C94: 23708.38 | D94: 21507.33 | E94: 21507.33 | F94: 21507.33 | G94: 11329.81 | H94: 12827.92 | I94: 10810.73 | J94: 27362.181 | K94: 18010.278 | N94: 1118292.6 | O94: 693262.27 | Q94: =VLOOKUP(BA$1&$A94,Sheet2!$A:$D,4,0) | R94: =VLOOKUP(BA$1&$A94,Sheet2!$A:$D,4,0) | S94: =VLOOKUP(BA$1&$A94,Sheet2!$A:$D,4,0) | T94: =VLOOKUP(BG$1&$A94,Sheet2!$A:$D,4,0) | AG94: =VLOOKUP(BI$1&$A94,Sheet2!$A:$D,4,0) | AH94: =VLOOKUP(BN$1&$A94,Sheet2!$A:$D,4,0) | AI94: =VLOOKUP(BK$1&$A94,Sheet2!$A:$D,4,0) | AJ94: =VLOOKUP(BL$1&$A94,Sheet2!$A:$D,4,0) | AK94: =VLOOKUP(BB$1&$A94,Sheet2!$A:$D,4,0) | AL94: =VLOOKUP(AZ$1&$A94,Sheet2!$A:$D,4,0) | AN94: =VLOOKUP(A94,[2]Sheet1!$A$1:$B$34,2,0) | AO94: 132541.59 | AP94: 1623.411 | AQ94: 410.19056 | AR94: 659.73373
... A104: 44439 | B104: 22779.64 | C104: 24525.71 | D104: 22253.61 | E104: 22253.61 | F104: 22253.61 | G104: 11724.91 | H104: 13241.94 | I104: 10905.36 | J104: 28306.717 | K104: 18709.953 | N104: 1126650.7 | O104: 688710.77 | Q104: =VLOOKUP(BA$1&$A104,Sheet2!$A:$D,4,0) | R104: =VLOOKUP(BA$1&$A104,Sheet2!$A:$D,4,0) | S104: =VLOOKUP(BA$1&$A104,Sheet2!$A:$D,4,0) | T104: =VLOOKUP(BG$1&$A104,Sheet2!$A:$D,4,0) | AG104: =VLOOKUP(BI$1&$A104,Sheet2!$A:$D,4,0) | AH104: =VLOOKUP(BN$1&$A104,Sheet2!$A:$D,4,0) | AI104: =VLOOKUP(BK$1&$A104,Sheet2!$A:$D,4,0) | AJ104: =VLOOKUP(BL$1&$A104,Sheet2!$A:$D,4,0) | AK104: =VLOOKUP(BB$1&$A104,Sheet2!$A:$D,4,0) | AL104: =VLOOKUP(AZ$1&$A104,Sheet2!$A:$D,4,0) | AN104: =VLOOKUP(A104,[2]Sheet1!$A$1:$B$34,2,0) | AO104: 132284.14 | AP104: 1659.344 | AQ104: 415.41008 | AR104: 684.27286
A105: 44440 | B105: 22740.59 | C105: 24445.62 | D105: 22246.76 | E105: 22246.76 | F105: 22246.76 | G105: 11750.39 | H105: 13321.98 | I105: 10927.82 | J105: 28298.525 | K105: 18491.179 | N105: 1130723.9 | O105: 689737.7 | Q105: =VLOOKUP(BA$1&$A105,Sheet2!$A:$D,4,0) | R105: =VLOOKUP(BA$1&$A105,Sheet2!$A:$D,4,0) | S105: =VLOOKUP(BA$1&$A105,Sheet2!$A:$D,4,0) | T105: =VLOOKUP(BG$1&$A105,Sheet2!$A:$D,4,0) | AG105: =VLOOKUP(BI$1&$A105,Sheet2!$A:$D,4,0) | AH105: =VLOOKUP(BN$1&$A105,Sheet2!$A:$D,4,0) | AI105: =VLOOKUP(BK$1&$A105,Sheet2!$A:$D,4,0) | AJ105: =VLOOKUP(BL$1&$A105,Sheet2!$A:$D,4,0) | AK105: =VLOOKUP(BB$1&$A105,Sheet2!$A:$D,4,0) | AL105: =VLOOKUP(AZ$1&$A105,Sheet2!$A:$D,4,0) | AN105: 6208.4231 | AO105: 132378.68 | AP105: 1664.1551 | AQ105: 417.07897 | AR105: 680.62676
A106: 44441 | B106: 22953.97 | C106: 24674.11 | D106: 22452 | E106: 22452 | F106: 22452 | G106: 11853.76 | H106: 13431.46 | I106: 11033.05 | J106: 28558.489 | K106: 18745.688 | N106: 1131498.5 | O106: 691630.53 | Q106: =VLOOKUP(BA$1&$A106,Sheet2!$A:$D,4,0) | R106: =VLOOKUP(BA$1&$A106,Sheet2!$A:$D,4,0) | S106: =VLOOKUP(BA$1&$A106,Sheet2!$A:$D,4,0) | T106: =VLOOKUP(BG$1&$A106,Sheet2!$A:$D,4,0) | AG106: =VLOOKUP(BI$1&$A106,Sheet2!$A:$D,4,0) | AH106: =VLOOKUP(BN$1&$A106,Sheet2!$A:$D,4,0) | AI106: =VLOOKUP(BK$1&$A106,Sheet2!$A:$D,4,0) | AJ106: =VLOOKUP(BL$1&$A106,Sheet2!$A:$D,4,0) | AK106: =VLOOKUP(BB$1&$A106,Sheet2!$A:$D,4,0) | AL106: =VLOOKUP(AZ$1&$A106,Sheet2!$A:$D,4,0) | AN106: 6209.5938 | AO106: 132073.57 | AP106: 1675.0248 | AQ106: 418.79844 | AR106: 686.10031
A107: 44442 | B107: 23075.75 | C107: 24802.17 | D107: 22566.65 | E107: 22566.65 | F107: 22566.65 | G107: 11908.48 | H107: 13484.3 | I107: 11092.93 | J107: 28701.117 | K107: 18812.908 | N107: 1133735.5 | O107: 690943.32 | Q107: =VLOOKUP(BA$1&$A107,Sheet2!$A:$D,4,0) | R107: =VLOOKUP(BA$1&$A107,Sheet2!$A:$D,4,0) | S107: =VLOOKUP(BA$1&$A107,Sheet2!$A:$D,4,0) | T107: =VLOOKUP(BG$1&$A107,Sheet2!$A:$D,4,0) | AG107: =VLOOKUP(BI$1&$A107,Sheet2!$A:$D,4,0) | AH107: =VLOOKUP(BN$1&$A107,Sheet2!$A:$D,4,0) | AI107: =VLOOKUP(BK$1&$A107,Sheet2!$A:$D,4,0) | AJ107: =VLOOKUP(BL$1&$A107,Sheet2!$A:$D,4,0) | AK107: =VLOOKUP(BB$1&$A107,Sheet2!$A:$D,4,0) | AL107: =VLOOKUP(AZ$1&$A107,Sheet2!$A:$D,4,0) | AN107: 6210.1856 | AO107: 133279 | AP107: 1678.2103 | AQ107: 420.75632 | AR107: 688.63125
A108: 44445 | B108: 23132.83 | C108: 24879.79 | D108: 22637.89 | E108: 22637.89 | F108: 22637.89 | G108: 11950.77 | H108: 13546.57 | I108: 11182.16 | J108: 28789.4 | K108: 19048.489 | Q108: =VLOOKUP(BA$1&$A108,Sheet2!$A:$D,4,0) | R108: =VLOOKUP(BA$1&$A108,Sheet2!$A:$D,4,0) | S108: =VLOOKUP(BA$1&$A108,Sheet2!$A:$D,4,0) | T108: =VLOOKUP(BG$1&$A108,Sheet2!$A:$D,4,0) | AG108: =VLOOKUP(BI$1&$A108,Sheet2!$A:$D,4,0) | AH108: =VLOOKUP(BN$1&$A108,Sheet2!$A:$D,4,0) | AI108: =VLOOKUP(BK$1&$A108,Sheet2!$A:$D,4,0) | AJ108: =VLOOKUP(BL$1&$A108,Sheet2!$A:$D,4,0) | AK108: =VLOOKUP(BB$1&$A108,Sheet2!$A:$D,4,0) | AL108: =VLOOKUP(AZ$1&$A108,Sheet2!$A:$D,4,0) | AN108: 6212.5592 | AO108: 133219.59 | AP108: 1678.6733 | AQ108: 421.08587 | AR108: 694.10479
A109: 44446 | B109: 23103.62 | C109: 24857.27 | D109: 22604.92 | E109: 22604.92 | F109: 22604.92 | G109: 11931.02 | H109: 13518.98 | I109: 11155.38 | J109: 28745.529 | K109: 18916.487 | N109: 1139371.1 | O109: 692459.94 | Q109: =VLOOKUP(BA$1&$A109,Sheet2!$A:$D,4,0) | R109: =VLOOKUP(BA$1&$A109,Sheet2!$A:$D,4,0) | S109: =VLOOKUP(BA$1&$A109,Sheet2!$A:$D,4,0) | T109: =VLOOKUP(BG$1&$A109,Sheet2!$A:$D,4,0) | AG109: =VLOOKUP(BI$1&$A109,Sheet2!$A:$D,4,0) | AH109: =VLOOKUP(BN$1&$A109,Sheet2!$A:$D,4,0) | AI109: =VLOOKUP(BK$1&$A109,Sheet2!$A:$D,4,0) | AJ109: =VLOOKUP(BL$1&$A109,Sheet2!$A:$D,4,0) | AK109: =VLOOKUP(BB$1&$A109,Sheet2!$A:$D,4,0) | AL109: =VLOOKUP(AZ$1&$A109,Sheet2!$A:$D,4,0) | AN109: 6213.151 | AO109: 131761.15 | AP109: 1672.8281 | AQ109: 420.17779 | AR109: 689.95563
A110: 44447 | B110: 23121.85 | C110: 24855.5 | D110: 22641.43 | E110: 22641.43 | F110: 22641.43 | G110: 11958.86 | H110: 13571.17 | I110: 11226.54 | J110: 28791.763 | K110: 18774.78 | N110: 1137857.3 | O110: 693230.3 | Q110: =VLOOKUP(BA$1&$A110,Sheet2!$A:$D,4,0) | R110: =VLOOKUP(BA$1&$A110,Sheet2!$A:$D,4,0) | S110: =VLOOKUP(BA$1&$A110,Sheet2!$A:$D,4,0) | T110: =VLOOKUP(BG$1&$A110,Sheet2!$A:$D,4,0) | AG110: =VLOOKUP(BI$1&$A110,Sheet2!$A:$D,4,0) | AH110: =VLOOKUP(BN$1&$A110,Sheet2!$A:$D,4,0) | AI110: =VLOOKUP(BK$1&$A110,Sheet2!$A:$D,4,0) | AJ110: =VLOOKUP(BL$1&$A110,Sheet2!$A:$D,4,0) | AK110: =VLOOKUP(BB$1&$A110,Sheet2!$A:$D,4,0) | AL110: =VLOOKUP(AZ$1&$A110,Sheet2!$A:$D,4,0) | AN110: 6217.3579 | AO110: 131967.21 | AP110: 1674.4524 | AQ110: 421.81834 | AR110: 691.73547
A111: 44448 | B111: 23156.86 | C111: 24878.09 | D111: 22691.66 | E111: 22691.66 | F111: 22691.66 | G111: 11988.03 | H111: 13616.64 | I111: 11314.34 | J111: 28854.089 | K111: 18885.491 | N111: 1132329.5 | O111: 689135.27 | Q111: =VLOOKUP(BA$1&$A111,Sheet2!$A:$D,4,0) | R111: =VLOOKUP(BA$1&$A111,Sheet2!$A:$D,4,0) | S111: =VLOOKUP(BA$1&$A111,Sheet2!$A:$D,4,0) | T111: =VLOOKUP(BG$1&$A111,Sheet2!$A:$D,4,0) | AG111: =VLOOKUP(BI$1&$A111,Sheet2!$A:$D,4,0) | AH111: =VLOOKUP(BN$1&$A111,Sheet2!$A:$D,4,0) | AI111: =VLOOKUP(BK$1&$A111,Sheet2!$A:$D,4,0) | AJ111: =VLOOKUP(BL$1&$A111,Sheet2!$A:$D,4,0) | AK111: =VLOOKUP(BB$1&$A111,Sheet2!$A:$D,4,0) | AL111: =VLOOKUP(AZ$1&$A111,Sheet2!$A:$D,4,0) | AN111: 6217.8406 | AO111: 131945.97 | AP111: 1673.8722 | AQ111: 422.97261 | AR111: 691.98831
A112: 44452 | B112: 23151.19 | C112: 24858.12 | D112: 22716.99 | E112: 22716.99 | F112: 22716.99 | G112: 12018.88 | H112: 13689.87 | I112: 11399.66 | J112: 28880.244 | K112: 19011.892 | N112: 1124477.5 | O112: 687087.37 | Q112: =VLOOKUP(BA$1&$A112,Sheet2!$A:$D,4,0) | R112: =VLOOKUP(BA$1&$A112,Sheet2!$A:$D,4,0) | S112: =VLOOKUP(BA$1&$A112,Sheet2!$A:$D,4,0) | T112: =VLOOKUP(BG$1&$A112,Sheet2!$A:$D,4,0) | AG112: =VLOOKUP(BI$1&$A112,Sheet2!$A:$D,4,0) | AH112: =VLOOKUP(BN$1&$A112,Sheet2!$A:$D,4,0) | AI112: =VLOOKUP(BK$1&$A112,Sheet2!$A:$D,4,0) | AJ112: =VLOOKUP(BL$1&$A112,Sheet2!$A:$D,4,0) | AK112: =VLOOKUP(BB$1&$A112,Sheet2!$A:$D,4,0) | AL112: =VLOOKUP(AZ$1&$A112,Sheet2!$A:$D,4,0) | AN112: 6219.585 | AO112: 131929.06 | AP112: 1673.1728 | AQ112: 424.30472 | AR112: 693.50451
A113: 44453 | B113: 23190.39 | C113: 24893.51 | D113: 22797.33 | E113: 22797.33 | F113: 22797.33 | G113: 12103.87 | H113: 13859.51 | I113: 11459.16 | J113: 28982.831 | K113: 19205.32 | N113: 1121500.9 | O113: 683377.14 | Q113: =VLOOKUP(BA$1&$A113,Sheet2!$A:$D,4,0) | R113: =VLOOKUP(BA$1&$A113,Sheet2!$A:$D,4,0) | S113: =VLOOKUP(BA$1&$A113,Sheet2!$A:$D,4,0) | T113: =VLOOKUP(BG$1&$A113,Sheet2!$A:$D,4,0) | AG113: =VLOOKUP(BI$1&$A113,Sheet2!$A:$D,4,0) | AH113: =VLOOKUP(BN$1&$A113,Sheet2!$A:$D,4,0) | AI113: =VLOOKUP(BK$1&$A113,Sheet2!$A:$D,4,0) | AJ113: =VLOOKUP(BL$1&$A113,Sheet2!$A:$D,4,0) | AK113: =VLOOKUP(BB$1&$A113,Sheet2!$A:$D,4,0) | AL113: =VLOOKUP(AZ$1&$A113,Sheet2!$A:$D,4,0) | AN113: 6220.1643 | AO113: 132866.11 | AP113: 1679.3717 | AQ113: 427.16902 | AR113: 697.34343
A114: 44454 | B114: 23362.27 | C114: 25093.22 | D114: 22975.2 | E114: 22975.2 | F114: 22975.2 | G114: 12208.09 | H114: 13995.14 | I114: 11537.57 | J114: 29215.472 | K114: 19553.194 | N114: 1127171.7 | O114: 687362.86 | Q114: =VLOOKUP(BA$1&$A114,Sheet2!$A:$D,4,0) | R114: =VLOOKUP(BA$1&$A114,Sheet2!$A:$D,4,0) | S114: =VLOOKUP(BA$1&$A114,Sheet2!$A:$D,4,0) | T114: =VLOOKUP(BG$1&$A114,Sheet2!$A:$D,4,0) | AG114: =VLOOKUP(BI$1&$A114,Sheet2!$A:$D,4,0) | AH114: =VLOOKUP(BN$1&$A114,Sheet2!$A:$D,4,0) | AI114: =VLOOKUP(BK$1&$A114,Sheet2!$A:$D,4,0) | AJ114: =VLOOKUP(BL$1&$A114,Sheet2!$A:$D,4,0) | AK114: =VLOOKUP(BB$1&$A114,Sheet2!$A:$D,4,0) | AL114: =VLOOKUP(AZ$1&$A114,Sheet2!$A:$D,4,0) | AN114: 6221.3809 | AO114: 131647.81 | AP114: 1699.638 | AQ114: 433.29106 | AR114: 705.42213
A115: 44455 | B115: 23514.22 | C115: 25250.87 | D115: 23106.08 | E115: 23106.08 | F115: 23106.08 | G115: 12273.23 | H115: 14053.87 | I115: 11538.42 | J115: 29373.273 | K115: 19440.517 | N115: 1129410.3 | O115: 686540.05 | Q115: =VLOOKUP(BA$1&$A115,Sheet2!$A:$D,4,0) | R115: =VLOOKUP(BA$1&$A115,Sheet2!$A:$D,4,0) | S115: =VLOOKUP(BA$1&$A115,Sheet2!$A:$D,4,0) | T115: =VLOOKUP(BG$1&$A115,Sheet2!$A:$D,4,0) | AG115: =VLOOKUP(BI$1&$A115,Sheet2!$A:$D,4,0) | AH115: =VLOOKUP(BN$1&$A115,Sheet2!$A:$D,4,0) | AI115: =VLOOKUP(BK$1&$A115,Sheet2!$A:$D,4,0) | AJ115: =VLOOKUP(BL$1&$A115,Sheet2!$A:$D,4,0) | AK115: =VLOOKUP(BB$1&$A115,Sheet2!$A:$D,4,0) | AL115: =VLOOKUP(AZ$1&$A115,Sheet2!$A:$D,4,0) | AN115: 6221.3229 | AO115: 128997.15 | AP115: 1711.0312 | AQ115: 435.71465 | AR115: 703.33825
A116: 44456 | B116: 23434.83 | C116: 25187.34 | D116: 22987.76 | E116: 22987.76 | F116: 22987.76 | G116: 12171.73 | H116: 13870.28 | I116: 11457.59 | J116: 29224.199 | K116: 19353.983 | N116: 1117529 | O116: 679986.56 | Q116: =VLOOKUP(BA$1&$A116,Sheet2!$A:$D,4,0) | R116: =VLOOKUP(BA$1&$A116,Sheet2!$A:$D,4,0) | S116: =VLOOKUP(BA$1&$A116,Sheet2!$A:$D,4,0) | T116: =VLOOKUP(BG$1&$A116,Sheet2!$A:$D,4,0) | AG116: =VLOOKUP(BI$1&$A116,Sheet2!$A:$D,4,0) | AH116: =VLOOKUP(BN$1&$A116,Sheet2!$A:$D,4,0) | AI116: =VLOOKUP(BK$1&$A116,Sheet2!$A:$D,4,0) | AJ116: =VLOOKUP(BL$1&$A116,Sheet2!$A:$D,4,0) | AK116: =VLOOKUP(BB$1&$A116,Sheet2!$A:$D,4,0) | AL116: =VLOOKUP(AZ$1&$A116,Sheet2!$A:$D,4,0) | AN116: 6221.909 | AO116: 129176.08 | AP116: 1707.7608 | AQ116: 431.32819 | AR116: 698.5942
A117: 44459 | B117: 23158.76 | C117: 24917.72 | D117: 22681.84 | E117: 22681.84 | F117: 22681.84 | G117: 11986.05 | H117: 13611.06 | I117: 11236.96 | J117: 28833.62 | K117: 19290.637 | N117: 1099523.1 | O117: 670800.13 | Q117: =VLOOKUP(BA$1&$A117,Sheet2!$A:$D,4,0) | R117: =VLOOKUP(BA$1&$A117,Sheet2!$A:$D,4,0) | S117: =VLOOKUP(BA$1&$A117,Sheet2!$A:$D,4,0) | T117: =VLOOKUP(BG$1&$A117,Sheet2!$A:$D,4,0) | AG117: =VLOOKUP(BI$1&$A117,Sheet2!$A:$D,4,0) | AH117: =VLOOKUP(BN$1&$A117,Sheet2!$A:$D,4,0) | AI117: =VLOOKUP(BK$1&$A117,Sheet2!$A:$D,4,0) | AJ117: =VLOOKUP(BL$1&$A117,Sheet2!$A:$D,4,0) | AK117: =VLOOKUP(BB$1&$A117,Sheet2!$A:$D,4,0) | AL117: =VLOOKUP(AZ$1&$A117,Sheet2!$A:$D,4,0) | AN117: 6225.4129 | AO117: 129902.38 | AP117: 1679.6256 | AQ117: 424.23025 | AR117: 693.75374
A118: 44460 | B118: 23373.71 | C118: 25154.16 | D118: 22865.1 | E118: 22865.1 | F118: 22865.1 | G118: 12072.14 | H118: 13680.38 | I118: 11242.93 | J118: 29064.193 | K118: 19571.691 | N118: 1100391.9 | O118: 669116.32 | Q118: =VLOOKUP(BA$1&$A118,Sheet2!$A:$D,4,0) | R118: =VLOOKUP(BA$1&$A118,Sheet2!$A:$D,4,0) | S118: =VLOOKUP(BA$1&$A118,Sheet2!$A:$D,4,0) | T118: =VLOOKUP(BG$1&$A118,Sheet2!$A:$D,4,0) | AG118: =VLOOKUP(BI$1&$A118,Sheet2!$A:$D,4,0) | AH118: =VLOOKUP(BN$1&$A118,Sheet2!$A:$D,4,0) | AI118: =VLOOKUP(BK$1&$A118,Sheet2!$A:$D,4,0) | AJ118: =VLOOKUP(BL$1&$A118,Sheet2!$A:$D,4,0) | AK118: =VLOOKUP(BB$1&$A118,Sheet2!$A:$D,4,0) | AL118: =VLOOKUP(AZ$1&$A118,Sheet2!$A:$D,4,0) | AN118: 6226.0119 | AO118: 130832.91 | AP118: 1687.1253 | AQ118: 426.80223 | AR118: 700.84751
A119: 44461 | B119: 23373.36 | C119: 25132.15 | D119: 22932.93 | E119: 22932.93 | F119: 22932.93 | G119: 12158.31 | H119: 13875.87 | I119: 11386.22 | J119: 29158.114 | K119: 19752.737 | N119: 1114906.3 | O119: 677802.16 | Q119: =VLOOKUP(BA$1&$A119,Sheet2!$A:$D,4,0) | R119: =VLOOKUP(BA$1&$A119,Sheet2!$A:$D,4,0) | S119: =VLOOKUP(BA$1&$A119,Sheet2!$A:$D,4,0) | T119: =VLOOKUP(BG$1&$A119,Sheet2!$A:$D,4,0) | AG119: =VLOOKUP(BI$1&$A119,Sheet2!$A:$D,4,0) | AH119: =VLOOKUP(BN$1&$A119,Sheet2!$A:$D,4,0) | AI119: =VLOOKUP(BK$1&$A119,Sheet2!$A:$D,4,0) | AJ119: =VLOOKUP(BL$1&$A119,Sheet2!$A:$D,4,0) | AK119: =VLOOKUP(BB$1&$A119,Sheet2!$A:$D,4,0) | AL119: =VLOOKUP(AZ$1&$A119,Sheet2!$A:$D,4,0) | AN119: 6223.3196 | AO119: 130472.02 | AP119: 1688.556 | AQ119: 429.6643 | AR119: 706.59869
A120: 44462 | B120: 23725.04 | C120: 25527.92 | D120: 23261.84 | E120: 23261.84 | F120: 23261.84 | G120: 12328.37 | H120: 14055.46 | I120: 11485.03 | J120: 29572.396 | K120: 19912.361 | N120: 1123243.6 | O120: 683953.59 | Q120: =VLOOKUP(BA$1&$A120,Sheet2!$A:$D,4,0) | R120: =VLOOKUP(BA$1&$A120,Sheet2!$A:$D,4,0) | S120: =VLOOKUP(BA$1&$A120,Sheet2!$A:$D,4,0) | T120: =VLOOKUP(BG$1&$A120,Sheet2!$A:$D,4,0) | AG120: =VLOOKUP(BI$1&$A120,Sheet2!$A:$D,4,0) | AH120: =VLOOKUP(BN$1&$A120,Sheet2!$A:$D,4,0) | AI120: =VLOOKUP(BK$1&$A120,Sheet2!$A:$D,4,0) | AJ120: =VLOOKUP(BL$1&$A120,Sheet2!$A:$D,4,0) | AK120: =VLOOKUP(BB$1&$A120,Sheet2!$A:$D,4,0) | AL120: =VLOOKUP(AZ$1&$A120,Sheet2!$A:$D,4,0) | AN120: 6223.6483 | AO120: 128601.85 | AP120: 1715.0144 | AQ120: 436.72221 | AR120: 713.16998
... A123: 44467 | B123: 23578.48 | C123: 25421.46 | D123: 23094.75 | E123: 23094.75 | F123: 23094.75 | G123: 12202.42 | H123: 13855.79 | I123: 11442.21 | J123: 29359.742 | K123: 19299.371 | N123: 1089330.5 | O123: 672892.62 | Q123: =VLOOKUP(BA$1&$A123,Sheet2!$A:$D,4,0) | R123: =VLOOKUP(BA$1&$A123,Sheet2!$A:$D,4,0) | S123: =VLOOKUP(BA$1&$A123,Sheet2!$A:$D,4,0) | T123: =VLOOKUP(BG$1&$A123,Sheet2!$A:$D,4,0) | AG123: =VLOOKUP(BI$1&$A123,Sheet2!$A:$D,4,0) | AH123: =VLOOKUP(BN$1&$A123,Sheet2!$A:$D,4,0) | AI123: =VLOOKUP(BK$1&$A123,Sheet2!$A:$D,4,0) | AJ123: =VLOOKUP(BL$1&$A123,Sheet2!$A:$D,4,0) | AK123: =VLOOKUP(BB$1&$A123,Sheet2!$A:$D,4,0) | AL123: =VLOOKUP(AZ$1&$A123,Sheet2!$A:$D,4,0) | AN123: 6224.2413 | AO123: 128621.89 | AP123: 1706.7073 | AQ123: 436.66664 | AR123: 693.68874
A124: 44468 | B124: 23516.66 | C124: 25367.99 | D124: 23081.51 | E124: 23081.51 | F124: 23081.51 | G124: 12238.57 | H124: 13973.88 | I124: 11472.97 | J124: 29344.35 | K124: 19332.541 | N124: 1089560.9 | O124: 674959.27 | Q124: =VLOOKUP(BA$1&$A124,Sheet2!$A:$D,4,0) | R124: =VLOOKUP(BA$1&$A124,Sheet2!$A:$D,4,0) | S124: =VLOOKUP(BA$1&$A124,Sheet2!$A:$D,4,0) | T124: =VLOOKUP(BG$1&$A124,Sheet2!$A:$D,4,0) | AG124: =VLOOKUP(BI$1&$A124,Sheet2!$A:$D,4,0) | AH124: =VLOOKUP(BN$1&$A124,Sheet2!$A:$D,4,0) | AI124: =VLOOKUP(BK$1&$A124,Sheet2!$A:$D,4,0) | AJ124: =VLOOKUP(BL$1&$A124,Sheet2!$A:$D,4,0) | AK124: =VLOOKUP(BB$1&$A124,Sheet2!$A:$D,4,0) | AL124: =VLOOKUP(AZ$1&$A124,Sheet2!$A:$D,4,0) | AM124: =VLOOKUP(BO$1&$A124,Sheet2!$A:$D,4,0) | AN124: 6218.6275 | AO124: 128208.36 | AP124: 1716.0192 | AQ124: 441.45657 | AR124: 691.07398
A125: 44469 | B125: 23410.48 | C125: 25234.57 | D125: 23029.08 | E125: 23029.08 | F125: 23029.08 | G125: 12241.87 | H125: 14044.04 | I125: 11550.98 | J125: 29270.566 | K125: 19201.275 | N125: 1082769.3 | O125: 667753.69 | Q125: =VLOOKUP(BA$1&$A125,Sheet2!$A:$D,4,0) | R125: =VLOOKUP(BA$1&$A125,Sheet2!$A:$D,4,0) | S125: =VLOOKUP(BA$1&$A125,Sheet2!$A:$D,4,0) | T125: =VLOOKUP(BG$1&$A125,Sheet2!$A:$D,4,0) | AG125: =VLOOKUP(BI$1&$A125,Sheet2!$A:$D,4,0) | AH125: =VLOOKUP(BN$1&$A125,Sheet2!$A:$D,4,0) | AI125: =VLOOKUP(BK$1&$A125,Sheet2!$A:$D,4,0) | AJ125: =VLOOKUP(BL$1&$A125,Sheet2!$A:$D,4,0) | AK125: =VLOOKUP(BB$1&$A125,Sheet2!$A:$D,4,0) | AL125: =VLOOKUP(AZ$1&$A125,Sheet2!$A:$D,4,0) | AM125: =VLOOKUP(BO$1&$A125,Sheet2!$A:$D,4,0) | AN125: 6219.2403 | AO125: 130280.98 | AP125: 1707.9177 | AQ125: 440.37621 | AR125: 689.52157
A126: 44470 | B126: 23323.22 | C126: 25111.25 | D126: 22969.86 | E126: 22969.86 | F126: 22969.86 | G126: 12225.16 | H126: 14057.5 | I126: 11584.4 | J126: 29191.978 | K126: 19053.601 | N126: 1092664.8 | O126: 674407.78 | Q126: =VLOOKUP(BA$1&$A126,Sheet2!$A:$D,4,0) | R126: =VLOOKUP(BA$1&$A126,Sheet2!$A:$D,4,0) | S126: =VLOOKUP(BA$1&$A126,Sheet2!$A:$D,4,0) | T126: =VLOOKUP(BG$1&$A126,Sheet2!$A:$D,4,0) | AG126: =VLOOKUP(BI$1&$A126,Sheet2!$A:$D,4,0) | AH126: =VLOOKUP(BN$1&$A126,Sheet2!$A:$D,4,0) | AI126: =VLOOKUP(BK$1&$A126,Sheet2!$A:$D,4,0) | AJ126: =VLOOKUP(BL$1&$A126,Sheet2!$A:$D,4,0) | AK126: =VLOOKUP(BB$1&$A126,Sheet2!$A:$D,4,0) | AL126: =VLOOKUP(AZ$1&$A126,Sheet2!$A:$D,4,0) | AM126: =VLOOKUP(BO$1&$A126,Sheet2!$A:$D,4,0) | AN126: 6219.2661 | AO126: 130496.38 | AP126: 1704.078 | AQ126: 439.27918 | AR126: 687.59551
A127: 44473 | B127: 23556.98 | C127: 25339.32 | D127: 23225.63 | E127: 23225.63 | F127: 23225.63 | G127: 12380.83 | H127: 14273.8 | I127: 11749.93 | J127: 29519.208 | K127: 19241.474 | N127: 1071767.7 | O127: 667373.81 | Q127: =VLOOKUP(BA$1&$A127,Sheet2!$A:$D,4,0) | R127: =VLOOKUP(BA$1&$A127,Sheet2!$A:$D,4,0) | S127: =VLOOKUP(BA$1&$A127,Sheet2!$A:$D,4,0) | T127: =VLOOKUP(BG$1&$A127,Sheet2!$A:$D,4,0) | AG127: =VLOOKUP(BI$1&$A127,Sheet2!$A:$D,4,0) | AH127: =VLOOKUP(BN$1&$A127,Sheet2!$A:$D,4,0) | AI127: =VLOOKUP(BK$1&$A127,Sheet2!$A:$D,4,0) | AJ127: =VLOOKUP(BL$1&$A127,Sheet2!$A:$D,4,0) | AK127: =VLOOKUP(BB$1&$A127,Sheet2!$A:$D,4,0) | AL127: =VLOOKUP(AZ$1&$A127,Sheet2!$A:$D,4,0) | AM127: =VLOOKUP(BO$1&$A127,Sheet2!$A:$D,4,0) | AN127: 6221.1176 | AO127: 131948.45 | AP127: 1718.5544 | AQ127: 442.96263 | AR127: 689.0187
A128: 44474 | B128: 23722.31 | C128: 25526.98 | D128: 23377.08 | E128: 23377.08 | F128: 23377.08 | G128: 12451.91 | H128: 14337.98 | I128: 11814.54 | J128: 29717.69 | K128: 19488.205 | N128: 1087451.6 | O128: 675733.24 | Q128: =VLOOKUP(BA$1&$A128,Sheet2!$A:$D,4,0) | R128: =VLOOKUP(BA$1&$A128,Sheet2!$A:$D,4,0) | S128: =VLOOKUP(BA$1&$A128,Sheet2!$A:$D,4,0) | T128: =VLOOKUP(BG$1&$A128,Sheet2!$A:$D,4,0) | AG128: =VLOOKUP(BI$1&$A128,Sheet2!$A:$D,4,0) | AH128: =VLOOKUP(BN$1&$A128,Sheet2!$A:$D,4,0) | AI128: =VLOOKUP(BK$1&$A128,Sheet2!$A:$D,4,0) | AJ128: =VLOOKUP(BL$1&$A128,Sheet2!$A:$D,4,0) | AK128: =VLOOKUP(BB$1&$A128,Sheet2!$A:$D,4,0) | AL128: =VLOOKUP(AZ$1&$A128,Sheet2!$A:$D,4,0) | AM128: =VLOOKUP(BO$1&$A128,Sheet2!$A:$D,4,0) | AN128: 6221.7369 | AO128: 131187.6 | AP128: 1725.7019 | AQ128: 445.67465 | AR128: 695.82823
A129: 44475 | B129: 23490.16 | C129: 25274.48 | D129: 23154.34 | E129: 23154.34 | F129: 23154.34 | G129: 12338.41 | H129: 14216.7 | I129: 11713.34 | J129: 29437.018 | K129: 19281.137 | N129: 1101405.4 | O129: 683360.2 | Q129: =VLOOKUP(BA$1&$A129,Sheet2!$A:$D,4,0) | R129: =VLOOKUP(BA$1&$A129,Sheet2!$A:$D,4,0) | S129: =VLOOKUP(BA$1&$A129,Sheet2!$A:$D,4,0) | T129: =VLOOKUP(BG$1&$A129,Sheet2!$A:$D,4,0) | AG129: =VLOOKUP(BI$1&$A129,Sheet2!$A:$D,4,0) | AH129: =VLOOKUP(BN$1&$A129,Sheet2!$A:$D,4,0) | AI129: =VLOOKUP(BK$1&$A129,Sheet2!$A:$D,4,0) | AJ129: =VLOOKUP(BL$1&$A129,Sheet2!$A:$D,4,0) | AK129: =VLOOKUP(BB$1&$A129,Sheet2!$A:$D,4,0) | AL129: =VLOOKUP(AZ$1&$A129,Sheet2!$A:$D,4,0) | AM129: =VLOOKUP(BO$1&$A129,Sheet2!$A:$D,4,0) | AN129: 6220.008 | AO129: 131759.11 | AP129: 1706.3942 | AQ129: 440.89583 | AR129: 692.74761
A130: 44476 | B130: 23689.8 | C130: 25481.26 | D130: 23392.45 | E130: 23392.45 | F130: 23392.45 | G130: 12505.02 | H130: 14478.05 | I130: 11851.11 | J130: 29739.834 | K130: 19551.243 | N130: 1110174.2 | O130: 687363.14 | Q130: =VLOOKUP(BA$1&$A130,Sheet2!$A:$D,4,0) | R130: =VLOOKUP(BA$1&$A130,Sheet2!$A:$D,4,0) | S130: =VLOOKUP(BA$1&$A130,Sheet2!$A:$D,4,0) | T130: =VLOOKUP(BG$1&$A130,Sheet2!$A:$D,4,0) | AG130: =VLOOKUP(BI$1&$A130,Sheet2!$A:$D,4,0) | AH130: =VLOOKUP(BN$1&$A130,Sheet2!$A:$D,4,0) | AI130: =VLOOKUP(BK$1&$A130,Sheet2!$A:$D,4,0) | AJ130: =VLOOKUP(BL$1&$A130,Sheet2!$A:$D,4,0) | AK130: =VLOOKUP(BB$1&$A130,Sheet2!$A:$D,4,0) | AL130: =VLOOKUP(AZ$1&$A130,Sheet2!$A:$D,4,0) | AM130: =VLOOKUP(BO$1&$A130,Sheet2!$A:$D,4,0) | AN130: 6220.6991 | AO130: 131305.54 | AP130: 1715.4097 | AQ130: 445.80803 | AR130: 702.2629
A131: 44477 | B131: 23799.61 | C131: 25631.38 | D131: 23507.21 | E131: 23507.21 | F131: 23507.21 | G131: 12564.93 | H131: 14549.57 | I131: 11946.25 | J131: 29879.334 | K131: 19840.127 | N131: 1108021.8 | O131: 687961.7 | Q131: =VLOOKUP(BA$1&$A131,Sheet2!$A:$D,4,0) | R131: =VLOOKUP(BA$1&$A131,Sheet2!$A:$D,4,0) | S131: =VLOOKUP(BA$1&$A131,Sheet2!$A:$D,4,0) | T131: =VLOOKUP(BG$1&$A131,Sheet2!$A:$D,4,0) | AG131: =VLOOKUP(BI$1&$A131,Sheet2!$A:$D,4,0) | AH131: =VLOOKUP(BN$1&$A131,Sheet2!$A:$D,4,0) | AI131: =VLOOKUP(BK$1&$A131,Sheet2!$A:$D,4,0) | AJ131: =VLOOKUP(BL$1&$A131,Sheet2!$A:$D,4,0) | AK131: =VLOOKUP(BB$1&$A131,Sheet2!$A:$D,4,0) | AL131: =VLOOKUP(AZ$1&$A131,Sheet2!$A:$D,4,0) | AM131: =VLOOKUP(BO$1&$A131,Sheet2!$A:$D,4,0) | AN131: 6221.3321 | AO131: 131946.46 | AP131: 1715.7773 | AQ131: 445.94196 | AR131: 709.24785
A132: 44480 | B132: 23874.63 | C132: 25704.1 | D132: 23603.3 | E132: 23603.3 | F132: 23603.3 | G132: 12620.03 | H132: 14630.69 | I132: 12074.99 | J132: 30001.056 | K132: 19315.073 | N132: 1106827.7 | O132: 686575.03 | Q132: =VLOOKUP(BA$1&$A132,Sheet2!$A:$D,4,0) | R132: =VLOOKUP(BA$1&$A132,Sheet2!$A:$D,4,0) | S132: =VLOOKUP(BA$1&$A132,Sheet2!$A:$D,4,0) | T132: =VLOOKUP(BG$1&$A132,Sheet2!$A:$D,4,0) | AG132: =VLOOKUP(BI$1&$A132,Sheet2!$A:$D,4,0) | AH132: =VLOOKUP(BN$1&$A132,Sheet2!$A:$D,4,0) | AI132: =VLOOKUP(BK$1&$A132,Sheet2!$A:$D,4,0) | AJ132: =VLOOKUP(BL$1&$A132,Sheet2!$A:$D,4,0) | AK132: =VLOOKUP(BB$1&$A132,Sheet2!$A:$D,4,0) | AL132: =VLOOKUP(AZ$1&$A132,Sheet2!$A:$D,4,0) | AM132: =VLOOKUP(BO$1&$A132,Sheet2!$A:$D,4,0) | AN132: 6223.2245 | AO132: 132210.91 | AP132: 1728.8468 | AQ132: 451.54384 | AR132: 699.62214
A133: 44481 | B133: 23953.27 | C133: 25770.01 | D133: 23685.8 | E133: 23685.8 | F133: 23685.8 | G133: 12661.63 | H133: 14678.95 | I133: 12151.49 | J133: 30108.637 | K133: 19151.198 | N133: 1109193.1 | O133: 686358.17 | Q133: =VLOOKUP(BA$1&$A133,Sheet2!$A:$D,4,0) | R133: =VLOOKUP(BA$1&$A133,Sheet2!$A:$D,4,0) | S133: =VLOOKUP(BA$1&$A133,Sheet2!$A:$D,4,0) | T133: =VLOOKUP(BG$1&$A133,Sheet2!$A:$D,4,0) | AG133: =VLOOKUP(BI$1&$A133,Sheet2!$A:$D,4,0) | AH133: =VLOOKUP(BN$1&$A133,Sheet2!$A:$D,4,0) | AI133: =VLOOKUP(BK$1&$A133,Sheet2!$A:$D,4,0) | AJ133: =VLOOKUP(BL$1&$A133,Sheet2!$A:$D,4,0) | AK133: =VLOOKUP(BB$1&$A133,Sheet2!$A:$D,4,0) | AL133: =VLOOKUP(AZ$1&$A133,Sheet2!$A:$D,4,0) | AM133: =VLOOKUP(BO$1&$A133,Sheet2!$A:$D,4,0) | AN133: 6223.8575 | AO133: 132818.39 | AP133: 1735.4533 | AQ133: 451.68444 | AR133: 693.86036
A134: 44482 | B134: 24181.99 | C134: 26013.19 | D134: 23914.47 | E134: 23914.47 | F134: 23914.47 | G134: 12800.58 | H134: 14860.21 | I134: 12185.04 | J134: 30404.227 | K134: 19357.385 | N134: 1114942.6 | O134: 687136.04 | Q134: =VLOOKUP(BA$1&$A134,Sheet2!$A:$D,4,0) | R134: =VLOOKUP(BA$1&$A134,Sheet2!$A:$D,4,0) | S134: =VLOOKUP(BA$1&$A134,Sheet2!$A:$D,4,0) | T134: =VLOOKUP(BG$1&$A134,Sheet2!$A:$D,4,0) | AG134: =VLOOKUP(BI$1&$A134,Sheet2!$A:$D,4,0) | AH134: =VLOOKUP(BN$1&$A134,Sheet2!$A:$D,4,0) | AI134: =VLOOKUP(BK$1&$A134,Sheet2!$A:$D,4,0) | AJ134: =VLOOKUP(BL$1&$A134,Sheet2!$A:$D,4,0) | AK134: =VLOOKUP(BB$1&$A134,Sheet2!$A:$D,4,0) | AL134: =VLOOKUP(AZ$1&$A134,Sheet2!$A:$D,4,0) | AM134: =VLOOKUP(BO$1&$A134,Sheet2!$A:$D,4,0) | AN134: 6224.4324 | AO134: 134962.63 | AP134: 1744.319 | AQ134: 460.26009 | AR134: 699.47552
A135: 44483 | B135: 24416.33 | C135: 26268.83 | D135: 24126.87 | E135: 24126.87 | F135: 24126.87 | G135: 12901.99 | H135: 14952.67 | I135: 12249.93 | J135: 30672.471 | K135: 19462.858 | N135: 1132929.8 | O135: 697872.59 | Q135: =VLOOKUP(BA$1&$A135,Sheet2!$A:$D,4,0) | R135: =VLOOKUP(BA$1&$A135,Sheet2!$A:$D,4,0) | S135: =VLOOKUP(BA$1&$A135,Sheet2!$A:$D,4,0) | T135: =VLOOKUP(BG$1&$A135,Sheet2!$A:$D,4,0) | AG135: =VLOOKUP(BI$1&$A135,Sheet2!$A:$D,4,0) | AH135: =VLOOKUP(BN$1&$A135,Sheet2!$A:$D,4,0) | AI135: =VLOOKUP(BK$1&$A135,Sheet2!$A:$D,4,0) | AJ135: =VLOOKUP(BL$1&$A135,Sheet2!$A:$D,4,0) | AK135: =VLOOKUP(BB$1&$A135,Sheet2!$A:$D,4,0) | AL135: =VLOOKUP(AZ$1&$A135,Sheet2!$A:$D,4,0) | AM135: =VLOOKUP(BO$1&$A135,Sheet2!$A:$D,4,0) | AN135: 6225.0658 | AO135: 134623.02 | AP135: 1763.2889 | AQ135: 465.9481 | AR135: 704.05734
... A148: 44503 | B148: 23729.1 | C148: 25569.86 | D148: 23404.31 | E148: 23404.31 | F148: 23404.31 | G148: 12485.08 | H148: 14409.87 | I148: 11795.37 | J148: 29735.33 | K148: 19223.805 | N148: 1193845.7 | O148: 725239.36 | Q148: =VLOOKUP(BA$1&$A148,Sheet2!$A:$D,4,0) | R148: =VLOOKUP(BA$1&$A148,Sheet2!$A:$D,4,0) | S148: =VLOOKUP(BA$1&$A148,Sheet2!$A:$D,4,0) | T148: =VLOOKUP(BG$1&$A148,Sheet2!$A:$D,4,0) | AG148: =VLOOKUP(BI$1&$A148,Sheet2!$A:$D,4,0) | AH148: =VLOOKUP(BN$1&$A148,Sheet2!$A:$D,4,0) | AI148: =VLOOKUP(BK$1&$A148,Sheet2!$A:$D,4,0) | AJ148: =VLOOKUP(BL$1&$A148,Sheet2!$A:$D,4,0) | AK148: =VLOOKUP(BB$1&$A148,Sheet2!$A:$D,4,0) | AL148: =VLOOKUP(AZ$1&$A148,Sheet2!$A:$D,4,0) | AM148: =VLOOKUP(BO$1&$A148,Sheet2!$A:$D,4,0) | AN148: 6228.8351 | AO148: 131735.17 | AP148: 1770.1884 | AQ148: 460.2373 | AR148: 696.73835
...

Sheet Sheet2
B1: Index | C1: Index Date | D1: Index Value
A2: =B2&C2 | B2: CRISIL 10 Year Gilt Index | C2: 46080 | D2: 5207.282
A3: =B3&C3 | B3: CRISIL 10 Year Gilt Index | C3: 46081 | D3: 5210.1311
A4: =B4&C4 | B4: CRISIL 10 Year Gilt Index | C4: 46082 | D4: 5211.0774
A5: =B5&C5 | B5: CRISIL 10 Year Gilt Index | C5: 46083 | D5: 5207.7243
A6: =B6&C6 | B6: CRISIL 10 Year Gilt Index | C6: 46084 | D6: 5208.6705
A7: =B7&C7 | B7: CRISIL 10 Year Gilt Index | C7: 46085 | D7: 5207.8631
A8: =B8&C8 | B8: CRISIL 10 Year Gilt Index | C8: 46086 | D8: 5221.7282
A9: =B9&C9 | B9: CRISIL 10 Year Gilt Index | C9: 46087 | D9: 5206.1043
A10: =B10&C10 | B10: CRISIL 10 Year Gilt Index | C10: 46088 | D10: 5207.0557
A11: =B11&C11 | B11: CRISIL 10 Year Gilt Index | C11: 46089 | D11: 5208.0123
A12: =B12&C12 | B12: CRISIL 10 Year Gilt Index | C12: 46090 | D12: 5197.958
A13: =B13&C13 | B13: CRISIL 10 Year Gilt Index | C13: 46091 | D13: 5219.383
... A1737: =B1737&C1737 | B1737: NIFTY Ultra Short Duration Debt Index A-I | C1737: 46112 | D1737: 5717.31
A1738: =B1738&C1738
A1739: =B1739&C1739
A1740: =B1740&C1740
A1741: =B1741&C1741
A1742: =B1742&C1742
A1743: =B1743&C1743
A1744: =B1744&C1744
A1745: =B1745&C1745
A1746: =B1746&C1746
A1747: =B1747&C1747
A1748: =B1748&C1748
A1749: =B1749&C1749
... A4689: =B4689&C4689

Sheet Sheet3
A1: Date | B1: Franklin_FIMAAF
A2: 45869 | B2: 1000
A3: 45870 | B3: 993.00774
A4: 45873 | B4: 1000.8869
A5: 45874 | B5: 999.59829
A6: 45875 | B6: 996.47348
A7: 45876 | B7: 998.10786
A8: 45877 | B8: 991.40588
A9: 45880 | B9: 995.25336
A10: 45881 | B10: 993.32418
A11: 45882 | B11: 997.94497
A12: 45883 | B12: 997.57945
A13: 45887 | B13: 1003.9847
... A165: 46111 | B165: 1026.5762

Sheet Sheet4
A1: Date | B1: Franklin_CRISIL_1_Year_T-Bill_Index
A2: 46023 | B2: 7963.0177
A3: 46024 | B3: 7964.1506
A4: 46025 | B4: 7965.2919
A5: 46026 | B5: 7966.4333
A6: 46027 | B6: 7968.3131
A7: 46028 | B7: 7967.2641
A8: 46029 | B8: 7965.1325
A9: 46030 | B9: 7963.6618
A10: 46031 | B10: 7964.998
A11: 46032 | B11: 7966.1494
A12: 46033 | B12: 7967.3007
A13: 46034 | B13: 7968.8218
... A32: 46053 | B32: 7972.8436
